"","meanRIskThreshold","scanningRange","numWindows","badImpact","impactReductionRate","maxCopingReduction","adaptationCost","capBoost","simTicks","param_set_id","copingNum","adaptNum","run_id","run_duration"
"1",0.474827934568748,3,4,0.08,0.15,0.2,6.5,3,840,1,25,28,1,33.8124206066132
"2",0.474827934568748,3,4,0.08,0.15,0.2,6.5,3,840,1,42,12,3,33.0182180404663
"3",0.474827934568748,3,4,0.08,0.15,0.2,6.5,3,840,1,37,38,4,34.3739092350006
"4",0.474827934568748,3,4,0.08,0.15,0.2,6.5,3,840,1,35,22,10,32.0593473911285
"5",0.474827934568748,3,4,0.08,0.15,0.2,6.5,3,840,1,39,16,8,35.2390985488892
"6",0.474827934568748,3,4,0.08,0.15,0.2,6.5,3,840,1,33,25,6,33.4186942577362
"7",0.474827934568748,3,4,0.08,0.15,0.2,6.5,3,840,1,28,45,2,34.8797733783722
"8",0.474827934568748,3,4,0.08,0.15,0.2,6.5,3,840,1,41,14,7,32.935839176178
"9",0.474827934568748,3,4,0.08,0.15,0.2,6.5,3,840,1,27,32,5,39.0850510597229
"10",0.474827934568748,3,4,0.08,0.15,0.2,6.5,3,840,1,32,19,9,31.2491216659546
"11",0.469394055616576,3,4,0.08,0.15,0.2,6.5,3,840,2,45,13,3,40.195396900177
"12",0.469394055616576,3,4,0.08,0.15,0.2,6.5,3,840,2,31,25,1,34.2485642433167
"13",0.469394055616576,3,4,0.08,0.15,0.2,6.5,3,840,2,33,36,2,36.0493352413177
"14",0.469394055616576,3,4,0.08,0.15,0.2,6.5,3,840,2,37,37,4,43.8412051200867
"15",0.469394055616576,3,4,0.08,0.15,0.2,6.5,3,840,2,26,41,7,30.574862241745
"16",0.469394055616576,3,4,0.08,0.15,0.2,6.5,3,840,2,32,33,5,38.9332387447357
"17",0.469394055616576,3,4,0.08,0.15,0.2,6.5,3,840,2,25,32,6,43.9114143848419
"18",0.469394055616576,3,4,0.08,0.15,0.2,6.5,3,840,2,41,25,10,30.9394550323486
"19",0.469394055616576,3,4,0.08,0.15,0.2,6.5,3,840,2,43,21,8,40.4132759571075
"20",0.469394055616576,3,4,0.08,0.15,0.2,6.5,3,840,2,34,26,9,47.8699879646301
"21",0.383583609519992,3,4,0.08,0.15,0.2,6.5,3,840,3,27,40,4,30.458488702774
"22",0.383583609519992,3,4,0.08,0.15,0.2,6.5,3,840,3,30,36,7,38.6139562129974
"23",0.383583609519992,3,4,0.08,0.15,0.2,6.5,3,840,3,35,40,5,45.872709274292
"24",0.383583609519992,3,4,0.08,0.15,0.2,6.5,3,840,3,30,48,2,35.0486190319061
"25",0.383583609519992,3,4,0.08,0.15,0.2,6.5,3,840,3,42,36,6,36.9771852493286
"26",0.383583609519992,3,4,0.08,0.15,0.2,6.5,3,840,3,43,17,3,45.2886433601379
"27",0.383583609519992,3,4,0.08,0.15,0.2,6.5,3,840,3,35,39,9,38.9502425193787
"28",0.383583609519992,3,4,0.08,0.15,0.2,6.5,3,840,3,41,23,8,33.5452990531921
"29",0.383583609519992,3,4,0.08,0.15,0.2,6.5,3,840,3,38,32,1,42.2665734291077
"30",0.383583609519992,3,4,0.08,0.15,0.2,6.5,3,840,3,27,30,10,48.3282713890076
"31",0.233185792912263,3,4,0.08,0.15,0.2,6.5,3,840,4,39,40,6,30.4078948497772
"32",0.233185792912263,3,4,0.08,0.15,0.2,6.5,3,840,4,50,33,8,36.3072175979614
"33",0.233185792912263,3,4,0.08,0.15,0.2,6.5,3,840,4,36,57,7,45.5467035770416
"34",0.233185792912263,3,4,0.08,0.15,0.2,6.5,3,840,4,33,45,9,39.4447360038757
"35",0.233185792912263,3,4,0.08,0.15,0.2,6.5,3,840,4,30,46,10,33.0973935127258
"36",0.233185792912263,3,4,0.08,0.15,0.2,6.5,3,840,4,36,50,5,41.150000333786
"37",0.233185792912263,3,4,0.08,0.15,0.2,6.5,3,840,4,30,59,2,49.5597102642059
"38",0.233185792912263,3,4,0.08,0.15,0.2,6.5,3,840,4,36,49,4,33.9398992061615
"39",0.233185792912263,3,4,0.08,0.15,0.2,6.5,3,840,4,38,33,1,35.2915425300598
"40",0.233185792912263,3,4,0.08,0.15,0.2,6.5,3,840,4,52,22,3,48.4866728782654
"41",0.308958736476488,3,4,0.08,0.15,0.2,6.5,3,840,5,40,38,8,52.8164799213409
"42",0.308958736476488,3,4,0.08,0.15,0.2,6.5,3,840,5,32,36,10,29.0331499576569
"43",0.308958736476488,3,4,0.08,0.15,0.2,6.5,3,840,5,32,41,9,36.2494459152222
"44",0.308958736476488,3,4,0.08,0.15,0.2,6.5,3,840,5,34,35,6,47.8125896453857
"45",0.308958736476488,3,4,0.08,0.15,0.2,6.5,3,840,5,50,27,3,56.504851102829
"46",0.308958736476488,3,4,0.08,0.15,0.2,6.5,3,840,5,34,43,5,30.6066327095032
"47",0.308958736476488,3,4,0.08,0.15,0.2,6.5,3,840,5,42,46,7,39.1523134708405
"48",0.308958736476488,3,4,0.08,0.15,0.2,6.5,3,840,5,40,42,4,46.3758451938629
"49",0.308958736476488,3,4,0.08,0.15,0.2,6.5,3,840,5,32,42,1,52.4940626621246
"50",0.308958736476488,3,4,0.08,0.15,0.2,6.5,3,840,5,34,59,2,29.0638899803162
"51",0.412550451909192,3,4,0.08,0.15,0.2,6.5,3,840,6,29,26,6,38.3283336162567
"52",0.412550451909192,3,4,0.08,0.15,0.2,6.5,3,840,6,32,33,7,46.2500121593475
"53",0.412550451909192,3,4,0.08,0.15,0.2,6.5,3,840,6,34,22,9,53.9208762645721
"54",0.412550451909192,3,4,0.08,0.15,0.2,6.5,3,840,6,38,42,1,29.889063835144
"55",0.412550451909192,3,4,0.08,0.15,0.2,6.5,3,840,6,47,22,8,37.6469674110413
"56",0.412550451909192,3,4,0.08,0.15,0.2,6.5,3,840,6,34,30,10,50.8391969203949
"57",0.412550451909192,3,4,0.08,0.15,0.2,6.5,3,840,6,43,31,4,56.0275049209595
"58",0.412550451909192,3,4,0.08,0.15,0.2,6.5,3,840,6,46,12,3,32.1875314712524
"59",0.412550451909192,3,4,0.08,0.15,0.2,6.5,3,840,6,28,40,5,35.6281096935272
"60",0.412550451909192,3,4,0.08,0.15,0.2,6.5,3,840,6,31,46,2,47.2043290138245
"61",0.212406250378117,3,4,0.08,0.15,0.2,6.5,3,840,7,35,54,9,53.9910862445831
"62",0.212406250378117,3,4,0.08,0.15,0.2,6.5,3,840,7,35,58,7,35.4782679080963
"63",0.212406250378117,3,4,0.08,0.15,0.2,6.5,3,840,7,40,39,4,38.6874618530273
"64",0.212406250378117,3,4,0.08,0.15,0.2,6.5,3,840,7,41,56,6,48.7068717479706
"65",0.212406250378117,3,4,0.08,0.15,0.2,6.5,3,840,7,43,56,5,59.0609452724457
"66",0.212406250378117,3,4,0.08,0.15,0.2,6.5,3,840,7,43,70,2,42.7537088394165
"67",0.212406250378117,3,4,0.08,0.15,0.2,6.5,3,840,7,42,41,1,34.8714070320129
"68",0.212406250378117,3,4,0.08,0.15,0.2,6.5,3,840,7,42,48,8,40.670373916626
"69",0.212406250378117,3,4,0.08,0.15,0.2,6.5,3,840,7,31,37,10,51.054575920105
"70",0.212406250378117,3,4,0.08,0.15,0.2,6.5,3,840,7,55,32,3,48.6607229709625
"71",0.368099714175332,3,4,0.08,0.15,0.2,6.5,3,840,8,40,41,7,31.2979099750519
"72",0.368099714175332,3,4,0.08,0.15,0.2,6.5,3,840,8,34,30,10,38.8268885612488
"73",0.368099714175332,3,4,0.08,0.15,0.2,6.5,3,840,8,44,25,9,47.8956003189087
"74",0.368099714175332,3,4,0.08,0.15,0.2,6.5,3,840,8,50,16,3,57.3811614513397
"75",0.368099714175332,3,4,0.08,0.15,0.2,6.5,3,840,8,33,36,5,30.4368431568146
"76",0.368099714175332,3,4,0.08,0.15,0.2,6.5,3,840,8,29,55,2,37.4181573390961
"77",0.368099714175332,3,4,0.08,0.15,0.2,6.5,3,840,8,36,44,4,45.3964273929596
"78",0.368099714175332,3,4,0.08,0.15,0.2,6.5,3,840,8,46,36,6,55.3837707042694
"79",0.368099714175332,3,4,0.08,0.15,0.2,6.5,3,840,8,42,33,8,39.4482493400574
"80",0.368099714175332,3,4,0.08,0.15,0.2,6.5,3,840,8,28,37,1,34.6946420669556
"81",0.32244352031732,3,4,0.08,0.15,0.2,6.5,3,840,9,33,46,5,41.8486902713776
"82",0.32244352031732,3,4,0.08,0.15,0.2,6.5,3,840,9,42,52,7,50.9852349758148
"83",0.32244352031732,3,4,0.08,0.15,0.2,6.5,3,840,9,30,38,1,49.6367206573486
"84",0.32244352031732,3,4,0.08,0.15,0.2,6.5,3,840,9,38,33,8,30.6765403747559
"85",0.32244352031732,3,4,0.08,0.15,0.2,6.5,3,840,9,34,36,10,39.3773384094238
"86",0.32244352031732,3,4,0.08,0.15,0.2,6.5,3,840,9,38,47,9,48.5118474960327
"87",0.32244352031732,3,4,0.08,0.15,0.2,6.5,3,840,9,37,38,4,57.9933018684387
"88",0.32244352031732,3,4,0.08,0.15,0.2,6.5,3,840,9,50,18,3,32.5740234851837
"89",0.32244352031732,3,4,0.08,0.15,0.2,6.5,3,840,9,37,58,2,36.9672880172729
"90",0.32244352031732,3,4,0.08,0.15,0.2,6.5,3,840,9,45,31,6,44.7366347312927
"91",0.269905566046946,3,4,0.08,0.15,0.2,6.5,3,840,10,53,23,3,53.7058064937592
"92",0.269905566046946,3,4,0.08,0.15,0.2,6.5,3,840,10,31,48,9,43.4654169082642
"93",0.269905566046946,3,4,0.08,0.15,0.2,6.5,3,840,10,38,39,6,32.729199886322
"94",0.269905566046946,3,4,0.08,0.15,0.2,6.5,3,840,10,28,40,5,40.945672750473
"95",0.269905566046946,3,4,0.08,0.15,0.2,6.5,3,840,10,36,53,7,50.7684364318848
"96",0.269905566046946,3,4,0.08,0.15,0.2,6.5,3,840,10,38,65,2,58.4440143108368
"97",0.269905566046946,3,4,0.08,0.15,0.2,6.5,3,840,10,44,42,1,29.6859323978424
"98",0.269905566046946,3,4,0.08,0.15,0.2,6.5,3,840,10,39,37,8,37.7227561473846
"99",0.269905566046946,3,4,0.08,0.15,0.2,6.5,3,840,10,27,39,10,45.8093256950378
"100",0.269905566046946,3,4,0.08,0.15,0.2,6.5,3,840,10,37,39,4,55.9446454048157
"101",0.4,3.97306271677371,4,0.08,0.15,0.2,6.5,3,840,11,34,36,7,40.592390537262
"102",0.4,3.97306271677371,4,0.08,0.15,0.2,6.5,3,840,11,27,29,1,34.5894722938538
"103",0.4,3.97306271677371,4,0.08,0.15,0.2,6.5,3,840,11,34,17,3,41.5024535655975
"104",0.4,3.97306271677371,4,0.08,0.15,0.2,6.5,3,840,11,26,29,10,50.9621241092682
"105",0.4,3.97306271677371,4,0.08,0.15,0.2,6.5,3,840,11,28,33,9,52.8075008392334
"106",0.4,3.97306271677371,4,0.08,0.15,0.2,6.5,3,840,11,31,31,4,30.3004605770111
"107",0.4,3.97306271677371,4,0.08,0.15,0.2,6.5,3,840,11,35,27,6,38.6342244148254
"108",0.4,3.97306271677371,4,0.08,0.15,0.2,6.5,3,840,11,32,42,5,46.5966763496399
"109",0.4,3.97306271677371,4,0.08,0.15,0.2,6.5,3,840,11,26,52,2,57.08656001091
"110",0.4,3.97306271677371,4,0.08,0.15,0.2,6.5,3,840,11,36,23,8,36.7906789779663
"111",0.4,5.01949402096216,4,0.08,0.15,0.2,6.5,3,840,12,17,32,5,35.4779968261719
"112",0.4,5.01949402096216,4,0.08,0.15,0.2,6.5,3,840,12,17,33,9,42.7615811824799
"113",0.4,5.01949402096216,4,0.08,0.15,0.2,6.5,3,840,12,32,17,8,52.5042624473572
"114",0.4,5.01949402096216,4,0.08,0.15,0.2,6.5,3,840,12,28,26,7,47.4590637683868
"115",0.4,5.01949402096216,4,0.08,0.15,0.2,6.5,3,840,12,22,39,2,31.1807265281677
"116",0.4,5.01949402096216,4,0.08,0.15,0.2,6.5,3,840,12,24,24,1,40.0193138122559
"117",0.4,5.01949402096216,4,0.08,0.15,0.2,6.5,3,840,12,29,20,3,48.7959167957306
"118",0.4,5.01949402096216,4,0.08,0.15,0.2,6.5,3,840,12,25,34,10,57.856437921524
"119",0.4,5.01949402096216,4,0.08,0.15,0.2,6.5,3,840,12,23,36,4,31.8782579898834
"120",0.4,5.01949402096216,4,0.08,0.15,0.2,6.5,3,840,12,30,23,6,36.7019798755646
"121",0.4,4.95087595493533,4,0.08,0.15,0.2,6.5,3,840,13,23,29,10,44.5946681499481
"122",0.4,4.95087595493533,4,0.08,0.15,0.2,6.5,3,840,13,30,17,3,54.489109992981
"123",0.4,4.95087595493533,4,0.08,0.15,0.2,6.5,3,840,13,26,32,5,47.4550859928131
"124",0.4,4.95087595493533,4,0.08,0.15,0.2,6.5,3,840,13,31,26,7,34.5201740264893
"125",0.4,4.95087595493533,4,0.08,0.15,0.2,6.5,3,840,13,22,25,9,41.8521916866302
"126",0.4,4.95087595493533,4,0.08,0.15,0.2,6.5,3,840,13,30,30,6,52.0550692081451
"127",0.4,4.95087595493533,4,0.08,0.15,0.2,6.5,3,840,13,38,18,8,1.04538312753042
"128",0.4,4.95087595493533,4,0.08,0.15,0.2,6.5,3,840,13,24,37,2,35.5121917724609
"129",0.4,4.95087595493533,4,0.08,0.15,0.2,6.5,3,840,13,21,28,1,43.8275849819183
"130",0.4,4.95087595493533,4,0.08,0.15,0.2,6.5,3,840,13,26,33,4,48.0293281078339
"131",0.4,2.46451079589315,4,0.08,0.15,0.2,6.5,3,840,14,35,37,8,56.3429062366486
"132",0.4,2.46451079589315,4,0.08,0.15,0.2,6.5,3,840,14,39,45,1,40.6953594684601
"133",0.4,2.46451079589315,4,0.08,0.15,0.2,6.5,3,840,14,47,13,3,35.0070750713348
"134",0.4,2.46451079589315,4,0.08,0.15,0.2,6.5,3,840,14,36,35,10,42.2941880226135
"135",0.4,2.46451079589315,4,0.08,0.15,0.2,6.5,3,840,14,36,39,9,52.2132306098938
"136",0.4,2.46451079589315,4,0.08,0.15,0.2,6.5,3,840,14,39,30,6,52.2432396411896
"137",0.4,2.46451079589315,4,0.08,0.15,0.2,6.5,3,840,14,29,45,5,30.5728716850281
"138",0.4,2.46451079589315,4,0.08,0.15,0.2,6.5,3,840,14,50,14,7,39.9796895980835
"139",0.4,2.46451079589315,4,0.08,0.15,0.2,6.5,3,840,14,36,49,4,54.4170546531677
"140",0.4,2.46451079589315,4,0.08,0.15,0.2,6.5,3,840,14,38,54,2,1.06694012482961
"141",0.4,4.27577336423565,4,0.08,0.15,0.2,6.5,3,840,15,20,30,9,42.33797955513
"142",0.4,4.27577336423565,4,0.08,0.15,0.2,6.5,3,840,15,34,25,6,39.6366765499115
"143",0.4,4.27577336423565,4,0.08,0.15,0.2,6.5,3,840,15,34,22,8,44.1393222808838
"144",0.4,4.27577336423565,4,0.08,0.15,0.2,6.5,3,840,15,39,28,7,53.9194371700287
"145",0.4,4.27577336423565,4,0.08,0.15,0.2,6.5,3,840,15,22,29,1,48.9967896938324
"146",0.4,4.27577336423565,4,0.08,0.15,0.2,6.5,3,840,15,29,16,3,32.6885643005371
"147",0.4,4.27577336423565,4,0.08,0.15,0.2,6.5,3,840,15,21,25,10,38.9607901573181
"148",0.4,4.27577336423565,4,0.08,0.15,0.2,6.5,3,840,15,25,37,2,48.0911021232605
"149",0.4,4.27577336423565,4,0.08,0.15,0.2,6.5,3,840,15,27,33,4,56.531485080719
"150",0.4,4.27577336423565,4,0.08,0.15,0.2,6.5,3,840,15,19,34,5,31.9762418270111
"151",0.4,5.71362961491104,4,0.08,0.15,0.2,6.5,3,840,16,24,24,9,37.3176851272583
"152",0.4,5.71362961491104,4,0.08,0.15,0.2,6.5,3,840,16,23,24,10,44.7553241252899
"153",0.4,5.71362961491104,4,0.08,0.15,0.2,6.5,3,840,16,28,22,7,53.762687921524
"154",0.4,5.71362961491104,4,0.08,0.15,0.2,6.5,3,840,16,27,35,4,43.7474360466003
"155",0.4,5.71362961491104,4,0.08,0.15,0.2,6.5,3,840,16,27,23,6,34.2222368717194
"156",0.4,5.71362961491104,4,0.08,0.15,0.2,6.5,3,840,16,30,15,8,41.1232206821442
"157",0.4,5.71362961491104,4,0.08,0.15,0.2,6.5,3,840,16,21,34,5,50.7604238986969
"158",0.4,5.71362961491104,4,0.08,0.15,0.2,6.5,3,840,16,24,28,2,56.4678268432617
"159",0.4,5.71362961491104,4,0.08,0.15,0.2,6.5,3,840,16,18,18,1,35.0306572914124
"160",0.4,5.71362961491104,4,0.08,0.15,0.2,6.5,3,840,16,23,20,3,37.8464913368225
"161",0.4,3.36042971163988,4,0.08,0.15,0.2,6.5,3,840,17,26,31,8,46.3361527919769
"162",0.4,3.36042971163988,4,0.08,0.15,0.2,6.5,3,840,17,35,20,10,55.4442541599274
"163",0.4,3.36042971163988,4,0.08,0.15,0.2,6.5,3,840,17,33,35,5,40.8476972579956
"164",0.4,3.36042971163988,4,0.08,0.15,0.2,6.5,3,840,17,38,30,7,35.1932733058929
"165",0.4,3.36042971163988,4,0.08,0.15,0.2,6.5,3,840,17,26,29,9,41.557599067688
"166",0.4,3.36042971163988,4,0.08,0.15,0.2,6.5,3,840,17,35,12,3,51.2479920387268
"167",0.4,3.36042971163988,4,0.08,0.15,0.2,6.5,3,840,17,25,45,2,52.4541296958923
"168",0.4,3.36042971163988,4,0.08,0.15,0.2,6.5,3,840,17,26,35,4,31.1373248100281
"169",0.4,3.36042971163988,4,0.08,0.15,0.2,6.5,3,840,17,38,31,6,37.7829458713531
"170",0.4,3.36042971163988,4,0.08,0.15,0.2,6.5,3,840,17,33,29,1,47.6359603404999
"171",0.4,1.83536130597349,4,0.08,0.15,0.2,6.5,3,840,18,38,49,6,56.01305103302
"172",0.4,1.83536130597349,4,0.08,0.15,0.2,6.5,3,840,18,31,35,8,35.3717880249023
"173",0.4,1.83536130597349,4,0.08,0.15,0.2,6.5,3,840,18,42,47,10,34.7688167095184
"174",0.4,1.83536130597349,4,0.08,0.15,0.2,6.5,3,840,18,36,49,4,43.8949341773987
"175",0.4,1.83536130597349,4,0.08,0.15,0.2,6.5,3,840,18,44,44,1,53.2952582836151
"176",0.4,1.83536130597349,4,0.08,0.15,0.2,6.5,3,840,18,63,10,3,48.7185213565826
"177",0.4,1.83536130597349,4,0.08,0.15,0.2,6.5,3,840,18,31,53,5,32.6406185626984
"178",0.4,1.83536130597349,4,0.08,0.15,0.2,6.5,3,840,18,61,7,7,44.2422528266907
"179",0.4,1.83536130597349,4,0.08,0.15,0.2,6.5,3,840,18,45,29,9,52.9645969867706
"180",0.4,1.83536130597349,4,0.08,0.15,0.2,6.5,3,840,18,40,56,2,56.6444902420044
"181",0.4,1.3797579103848,4,0.08,0.15,0.2,6.5,3,840,19,68,0,7,31.6752240657806
"182",0.4,1.3797579103848,4,0.08,0.15,0.2,6.5,3,840,19,47,40,9,35.4948043823242
"183",0.4,1.3797579103848,4,0.08,0.15,0.2,6.5,3,840,19,59,37,2,44.3369927406311
"184",0.4,1.3797579103848,4,0.08,0.15,0.2,6.5,3,840,19,68,45,4,53.5096023082733
"185",0.4,1.3797579103848,4,0.08,0.15,0.2,6.5,3,840,19,64,41,6,47.7545392513275
"186",0.4,1.3797579103848,4,0.08,0.15,0.2,6.5,3,840,19,53,36,8,38.0859036445618
"187",0.4,1.3797579103848,4,0.08,0.15,0.2,6.5,3,840,19,48,51,10,46.5394089221954
"188",0.4,1.3797579103848,4,0.08,0.15,0.2,6.5,3,840,19,44,50,5,56.0437939167023
"189",0.4,1.3797579103848,4,0.08,0.15,0.2,6.5,3,840,19,44,47,1,1.02576451698939
"190",0.4,1.3797579103848,4,0.08,0.15,0.2,6.5,3,840,19,62,10,3,32.2581715583801
"191",0.4,2.57807016849983,4,0.08,0.15,0.2,6.5,3,840,20,36,35,10,38.3104441165924
"192",0.4,2.57807016849983,4,0.08,0.15,0.2,6.5,3,840,20,35,37,8,47.5121982097626
"193",0.4,2.57807016849983,4,0.08,0.15,0.2,6.5,3,840,20,29,45,5,55.9738304615021
"194",0.4,2.57807016849983,4,0.08,0.15,0.2,6.5,3,840,20,50,14,7,43.147891998291
"195",0.4,2.57807016849983,4,0.08,0.15,0.2,6.5,3,840,20,36,39,9,34.8394384384155
"196",0.4,2.57807016849983,4,0.08,0.15,0.2,6.5,3,840,20,39,30,6,43.1666264533997
"197",0.4,2.57807016849983,4,0.08,0.15,0.2,6.5,3,840,20,47,13,3,52.0401947498322
"198",0.4,2.57807016849983,4,0.08,0.15,0.2,6.5,3,840,20,38,54,2,52.7560801506042
"199",0.4,2.57807016849983,4,0.08,0.15,0.2,6.5,3,840,20,36,49,4,31.5075058937073
"200",0.4,2.57807016849983,4,0.08,0.15,0.2,6.5,3,840,20,39,45,1,39.0228283405304
"201",0.4,3,6.60153281525709,0.08,0.15,0.2,6.5,3,840,21,45,33,9,48.6285817623138
"202",0.4,3,6.60153281525709,0.08,0.15,0.2,6.5,3,840,21,30,53,8,58.2065784931183
"203",0.4,3,6.60153281525709,0.08,0.15,0.2,6.5,3,840,21,41,26,10,36.4223997592926
"204",0.4,3,6.60153281525709,0.08,0.15,0.2,6.5,3,840,21,29,45,7,34.4906408786774
"205",0.4,3,6.60153281525709,0.08,0.15,0.2,6.5,3,840,21,42,53,6,43.4368538856506
"206",0.4,3,6.60153281525709,0.08,0.15,0.2,6.5,3,840,21,34,39,1,52.7598087787628
"207",0.4,3,6.60153281525709,0.08,0.15,0.2,6.5,3,840,21,42,48,3,48.429071187973
"208",0.4,3,6.60153281525709,0.08,0.15,0.2,6.5,3,840,21,29,57,5,32.1995303630829
"209",0.4,3,6.60153281525709,0.08,0.15,0.2,6.5,3,840,21,35,45,4,39.880443572998
"210",0.4,3,6.60153281525709,0.08,0.15,0.2,6.5,3,840,21,26,53,2,49.171359539032
"211",0.4,3,5.93988861585967,0.08,0.15,0.2,6.5,3,840,22,47,30,7,57.0678310394287
"212",0.4,3,5.93988861585967,0.08,0.15,0.2,6.5,3,840,22,47,25,9,32.3857588768005
"213",0.4,3,5.93988861585967,0.08,0.15,0.2,6.5,3,840,22,23,48,5,34.971506357193
"214",0.4,3,5.93988861585967,0.08,0.15,0.2,6.5,3,840,22,30,49,2,44.5002961158752
"215",0.4,3,5.93988861585967,0.08,0.15,0.2,6.5,3,840,22,39,49,4,53.7568111419678
"216",0.4,3,5.93988861585967,0.08,0.15,0.2,6.5,3,840,22,51,35,6,49.6754179000854
"217",0.4,3,5.93988861585967,0.08,0.15,0.2,6.5,3,840,22,32,45,8,38.6744287014008
"218",0.4,3,5.93988861585967,0.08,0.15,0.2,6.5,3,840,22,44,20,10,46.7398796081543
"219",0.4,3,5.93988861585967,0.08,0.15,0.2,6.5,3,840,22,34,52,1,56.1230297088623
"220",0.4,3,5.93988861585967,0.08,0.15,0.2,6.5,3,840,22,41,33,3,1.00396756331126
"221",0.4,3,0.0497619402594864,0.08,0.15,0.2,6.5,3,840,23,41,9,10,32.6963315010071
"222",0.4,3,0.0497619402594864,0.08,0.15,0.2,6.5,3,840,23,42,18,1,38.8610055446625
"223",0.4,3,0.0497619402594864,0.08,0.15,0.2,6.5,3,840,23,36,19,3,46.8055763244629
"224",0.4,3,0.0497619402594864,0.08,0.15,0.2,6.5,3,840,23,39,11,5,56.7556777000427
"225",0.4,3,0.0497619402594864,0.08,0.15,0.2,6.5,3,840,23,38,0,7,41.7437872886658
"226",0.4,3,0.0497619402594864,0.08,0.15,0.2,6.5,3,840,23,31,19,9,33.3770599365234
"227",0.4,3,0.0497619402594864,0.08,0.15,0.2,6.5,3,840,23,52,5,8,42.4442930221558
"228",0.4,3,0.0497619402594864,0.08,0.15,0.2,6.5,3,840,23,40,1,2,51.4303293228149
"229",0.4,3,0.0497619402594864,0.08,0.15,0.2,6.5,3,840,23,31,13,4,52.3100214004517
"230",0.4,3,0.0497619402594864,0.08,0.15,0.2,6.5,3,840,23,29,23,6,33.7551331520081
"231",0.4,3,9.43619210226461,0.08,0.15,0.2,6.5,3,840,24,31,47,9,39.1850111484528
"232",0.4,3,9.43619210226461,0.08,0.15,0.2,6.5,3,840,24,39,57,6,51.0801637172699
"233",0.4,3,9.43619210226461,0.08,0.15,0.2,6.5,3,840,24,31,45,8,57.1683011054993
"234",0.4,3,9.43619210226461,0.08,0.15,0.2,6.5,3,840,24,32,61,10,36.6213488578796
"235",0.4,3,9.43619210226461,0.08,0.15,0.2,6.5,3,840,24,33,57,7,34.6656844615936
"236",0.4,3,9.43619210226461,0.08,0.15,0.2,6.5,3,840,24,47,50,1,44.3632876873016
"237",0.4,3,9.43619210226461,0.08,0.15,0.2,6.5,3,840,24,25,58,3,54.6440091133118
"238",0.4,3,9.43619210226461,0.08,0.15,0.2,6.5,3,840,24,32,38,5,49.5516746044159
"239",0.4,3,9.43619210226461,0.08,0.15,0.2,6.5,3,840,24,42,51,2,31.060911655426
"240",0.4,3,9.43619210226461,0.08,0.15,0.2,6.5,3,840,24,33,60,4,39.7975831031799
"241",0.4,3,1.23747275490314,0.08,0.15,0.2,6.5,3,840,25,46,2,7,48.3438217639923
"242",0.4,3,1.23747275490314,0.08,0.15,0.2,6.5,3,840,25,37,26,9,57.8815135955811
"243",0.4,3,1.23747275490314,0.08,0.15,0.2,6.5,3,840,25,34,18,10,31.6302189826965
"244",0.4,3,1.23747275490314,0.08,0.15,0.2,6.5,3,840,25,30,30,5,36.9872903823853
"245",0.4,3,1.23747275490314,0.08,0.15,0.2,6.5,3,840,25,33,26,4,45.5188069343567
"246",0.4,3,1.23747275490314,0.08,0.15,0.2,6.5,3,840,25,30,31,6,53.2374169826508
"247",0.4,3,1.23747275490314,0.08,0.15,0.2,6.5,3,840,25,40,24,8,44.3057253360748
"248",0.4,3,1.23747275490314,0.08,0.15,0.2,6.5,3,840,25,40,22,3,33.0047464370728
"249",0.4,3,1.23747275490314,0.08,0.15,0.2,6.5,3,840,25,39,20,2,41.9727025032043
"250",0.4,3,1.23747275490314,0.08,0.15,0.2,6.5,3,840,25,31,26,1,49.4428014755249
"251",0.4,3,2.20972796110436,0.08,0.15,0.2,6.5,3,840,26,63,26,5,56.7624032497406
"252",0.4,3,2.20972796110436,0.08,0.15,0.2,6.5,3,840,26,53,12,8,28.8780047893524
"253",0.4,3,2.20972796110436,0.08,0.15,0.2,6.5,3,840,26,28,34,10,37.4399211406708
"254",0.4,3,2.20972796110436,0.08,0.15,0.2,6.5,3,840,26,51,33,2,45.8038523197174
"255",0.4,3,2.20972796110436,0.08,0.15,0.2,6.5,3,840,26,28,40,7,55.1778600215912
"256",0.4,3,2.20972796110436,0.08,0.15,0.2,6.5,3,840,26,40,27,9,40.0336773395538
"257",0.4,3,2.20972796110436,0.08,0.15,0.2,6.5,3,840,26,40,28,3,34.4166095256805
"258",0.4,3,2.20972796110436,0.08,0.15,0.2,6.5,3,840,26,38,19,4,43.3988566398621
"259",0.4,3,2.20972796110436,0.08,0.15,0.2,6.5,3,840,26,40,28,6,50.8959672451019
"260",0.4,3,2.20972796110436,0.08,0.15,0.2,6.5,3,840,26,50,9,1,54.2869303226471
"261",0.4,3,8.97486862493679,0.08,0.15,0.2,6.5,3,840,27,43,35,10,30.9682455062866
"262",0.4,3,8.97486862493679,0.08,0.15,0.2,6.5,3,840,27,32,52,8,39.915186882019
"263",0.4,3,8.97486862493679,0.08,0.15,0.2,6.5,3,840,27,41,48,3,47.4424817562103
"264",0.4,3,8.97486862493679,0.08,0.15,0.2,6.5,3,840,27,30,57,5,56.7132019996643
"265",0.4,3,8.97486862493679,0.08,0.15,0.2,6.5,3,840,27,60,28,6,38.2920322418213
"266",0.4,3,8.97486862493679,0.08,0.15,0.2,6.5,3,840,27,31,41,1,34.1161425113678
"267",0.4,3,8.97486862493679,0.08,0.15,0.2,6.5,3,840,27,39,41,2,41.9350428581238
"268",0.4,3,8.97486862493679,0.08,0.15,0.2,6.5,3,840,27,46,57,7,52.033439874649
"269",0.4,3,8.97486862493679,0.08,0.15,0.2,6.5,3,840,27,44,40,9,54.2667853832245
"270",0.4,3,8.97486862493679,0.08,0.15,0.2,6.5,3,840,27,39,29,4,30.9729747772217
"271",0.4,3,3.8951300943736,0.08,0.15,0.2,6.5,3,840,28,38,28,8,39.4723641872406
"272",0.4,3,3.8951300943736,0.08,0.15,0.2,6.5,3,840,28,36,29,9,46.9978866577148
"273",0.4,3,3.8951300943736,0.08,0.15,0.2,6.5,3,840,28,23,27,10,57.5117461681366
"274",0.4,3,3.8951300943736,0.08,0.15,0.2,6.5,3,840,28,33,39,4,41.1819791793823
"275",0.4,3,3.8951300943736,0.08,0.15,0.2,6.5,3,840,28,30,31,6,34.7964539527893
"276",0.4,3,3.8951300943736,0.08,0.15,0.2,6.5,3,840,28,32,36,1,42.3656842708588
"277",0.4,3,3.8951300943736,0.08,0.15,0.2,6.5,3,840,28,42,17,3,54.6405186653137
"278",0.4,3,3.8951300943736,0.08,0.15,0.2,6.5,3,840,28,30,41,5,59.1298248767853
"279",0.4,3,3.8951300943736,0.08,0.15,0.2,6.5,3,840,28,35,44,7,29.0025577545166
"280",0.4,3,3.8951300943736,0.08,0.15,0.2,6.5,3,840,28,30,47,2,36.7480022907257
"281",0.4,3,7.48116057203151,0.08,0.15,0.2,6.5,3,840,29,45,43,6,45.9728453159332
"282",0.4,3,7.48116057203151,0.08,0.15,0.2,6.5,3,840,29,50,44,8,55.1164510250092
"283",0.4,3,7.48116057203151,0.08,0.15,0.2,6.5,3,840,29,30,45,2,46.8059329986572
"284",0.4,3,7.48116057203151,0.08,0.15,0.2,6.5,3,840,29,28,56,7,32.9072468280792
"285",0.4,3,7.48116057203151,0.08,0.15,0.2,6.5,3,840,29,30,50,9,40.5456547737122
"286",0.4,3,7.48116057203151,0.08,0.15,0.2,6.5,3,840,29,36,58,10,50.4081621170044
"287",0.4,3,7.48116057203151,0.08,0.15,0.2,6.5,3,840,29,28,48,3,58.8594748973846
"288",0.4,3,7.48116057203151,0.08,0.15,0.2,6.5,3,840,29,56,27,4,35.3896336555481
"289",0.4,3,7.48116057203151,0.08,0.15,0.2,6.5,3,840,29,47,15,1,35.8080961704254
"290",0.4,3,7.48116057203151,0.08,0.15,0.2,6.5,3,840,29,33,57,5,45.1874341964722
"291",0.4,3,4.46669132518582,0.08,0.15,0.2,6.5,3,840,30,46,25,4,52.5430488586426
"292",0.4,3,4.46669132518582,0.08,0.15,0.2,6.5,3,840,30,26,29,10,53.6992800235748
"293",0.4,3,4.46669132518582,0.08,0.15,0.2,6.5,3,840,30,29,42,5,30.1404345035553
"294",0.4,3,4.46669132518582,0.08,0.15,0.2,6.5,3,840,30,27,44,6,39.2306532859802
"295",0.4,3,4.46669132518582,0.08,0.15,0.2,6.5,3,840,30,36,40,8,47.8693292140961
"296",0.4,3,4.46669132518582,0.08,0.15,0.2,6.5,3,840,30,32,54,1,56.7298810482025
"297",0.4,3,4.46669132518582,0.08,0.15,0.2,6.5,3,840,30,40,17,2,42.0087134838104
"298",0.4,3,4.46669132518582,0.08,0.15,0.2,6.5,3,840,30,50,12,7,33.9022891521454
"299",0.4,3,4.46669132518582,0.08,0.15,0.2,6.5,3,840,30,20,34,9,43.0510683059692
"300",0.4,3,4.46669132518582,0.08,0.15,0.2,6.5,3,840,30,42,43,3,51.0132639408112
"301",0.4,3,4,0.08,0.144307754011825,0.2,6.5,3,840,31,42,31,8,1.01888819138209
"302",0.4,3,4,0.08,0.144307754011825,0.2,6.5,3,840,31,33,50,2,30.8262047767639
"303",0.4,3,4,0.08,0.144307754011825,0.2,6.5,3,840,31,34,40,4,37.1834456920624
"304",0.4,3,4,0.08,0.144307754011825,0.2,6.5,3,840,31,30,27,9,44.9842438697815
"305",0.4,3,4,0.08,0.144307754011825,0.2,6.5,3,840,31,23,31,10,54.9705410003662
"306",0.4,3,4,0.08,0.144307754011825,0.2,6.5,3,840,31,47,22,3,51.8578152656555
"307",0.4,3,4,0.08,0.144307754011825,0.2,6.5,3,840,31,31,45,5,33.7786591053009
"308",0.4,3,4,0.08,0.144307754011825,0.2,6.5,3,840,31,39,28,6,38.6671559810638
"309",0.4,3,4,0.08,0.144307754011825,0.2,6.5,3,840,31,33,38,1,48.0736730098724
"310",0.4,3,4,0.08,0.144307754011825,0.2,6.5,3,840,31,44,14,7,57.9942102432251
"311",0.4,3,4,0.08,0.20872651303187,0.2,6.5,3,840,32,31,33,6,44.9778532981873
"312",0.4,3,4,0.08,0.20872651303187,0.2,6.5,3,840,32,15,34,10,34.8785178661346
"313",0.4,3,4,0.08,0.20872651303187,0.2,6.5,3,840,32,29,46,7,42.2870807647705
"314",0.4,3,4,0.08,0.20872651303187,0.2,6.5,3,840,32,33,27,8,52.140195608139
"315",0.4,3,4,0.08,0.20872651303187,0.2,6.5,3,840,32,25,43,1,1.00628168185552
"316",0.4,3,4,0.08,0.20872651303187,0.2,6.5,3,840,32,19,53,2,32.2971932888031
"317",0.4,3,4,0.08,0.20872651303187,0.2,6.5,3,840,32,25,34,4,36.4541213512421
"318",0.4,3,4,0.08,0.20872651303187,0.2,6.5,3,840,32,21,37,9,45.7099146842957
"319",0.4,3,4,0.08,0.20872651303187,0.2,6.5,3,840,32,34,12,3,53.0453338623047
"320",0.4,3,4,0.08,0.20872651303187,0.2,6.5,3,840,32,24,41,5,53.0372507572174
"321",0.4,3,4,0.08,0.277850726009347,0.2,6.5,3,840,33,27,39,9,30.7062776088715
"322",0.4,3,4,0.08,0.277850726009347,0.2,6.5,3,840,33,18,37,4,39.2250125408173
"323",0.4,3,4,0.08,0.277850726009347,0.2,6.5,3,840,33,21,29,6,48.1491746902466
"324",0.4,3,4,0.08,0.277850726009347,0.2,6.5,3,840,33,23,28,8,57.2759277820587
"325",0.4,3,4,0.08,0.277850726009347,0.2,6.5,3,840,33,13,33,10,42.727178812027
"326",0.4,3,4,0.08,0.277850726009347,0.2,6.5,3,840,33,17,43,5,34.6071119308472
"327",0.4,3,4,0.08,0.277850726009347,0.2,6.5,3,840,33,32,45,7,42.5611379146576
"328",0.4,3,4,0.08,0.277850726009347,0.2,6.5,3,840,33,26,36,1,51.1770868301392
"329",0.4,3,4,0.08,0.277850726009347,0.2,6.5,3,840,33,18,52,2,1.00935854117076
"330",0.4,3,4,0.08,0.277850726009347,0.2,6.5,3,840,33,41,8,3,33.0827100276947
"331",0.4,3,4,0.08,0.161560084745288,0.2,6.5,3,840,34,30,46,7,36.7992167472839
"332",0.4,3,4,0.08,0.161560084745288,0.2,6.5,3,840,34,36,51,2,43.3709278106689
"333",0.4,3,4,0.08,0.161560084745288,0.2,6.5,3,840,34,39,26,4,53.2541427612305
"334",0.4,3,4,0.08,0.161560084745288,0.2,6.5,3,840,34,19,27,9,53.7007925510406
"335",0.4,3,4,0.08,0.161560084745288,0.2,6.5,3,840,34,25,34,10,30.7182173728943
"336",0.4,3,4,0.08,0.161560084745288,0.2,6.5,3,840,34,28,35,5,39.3015983104706
"337",0.4,3,4,0.08,0.161560084745288,0.2,6.5,3,840,34,31,31,6,47.6051642894745
"338",0.4,3,4,0.08,0.161560084745288,0.2,6.5,3,840,34,38,25,8,56.6294615268707
"339",0.4,3,4,0.08,0.161560084745288,0.2,6.5,3,840,34,43,16,3,43.4704465866089
"340",0.4,3,4,0.08,0.161560084745288,0.2,6.5,3,840,34,29,39,1,34.464492559433
"341",0.4,3,4,0.08,0.252035061758943,0.2,6.5,3,840,35,19,35,10,41.5249969959259
"342",0.4,3,4,0.08,0.252035061758943,0.2,6.5,3,840,35,23,35,5,51.7882406711578
"343",0.4,3,4,0.08,0.252035061758943,0.2,6.5,3,840,35,25,40,7,1.01064929962158
"344",0.4,3,4,0.08,0.252035061758943,0.2,6.5,3,840,35,19,36,8,37.1708335876465
"345",0.4,3,4,0.08,0.252035061758943,0.2,6.5,3,840,35,21,52,2,35.1057167053223
"346",0.4,3,4,0.08,0.252035061758943,0.2,6.5,3,840,35,27,34,4,44.5422480106354
"347",0.4,3,4,0.08,0.252035061758943,0.2,6.5,3,840,35,23,32,9,52.590723991394
"348",0.4,3,4,0.08,0.252035061758943,0.2,6.5,3,840,35,28,36,1,55.2596716880798
"349",0.4,3,4,0.08,0.252035061758943,0.2,6.5,3,840,35,42,17,3,29.5935323238373
"350",0.4,3,4,0.08,0.252035061758943,0.2,6.5,3,840,35,27,35,6,37.8579165935516
"351",0.4,3,4,0.08,0.18020253458526,0.2,6.5,3,840,36,23,31,10,46.3516418933868
"352",0.4,3,4,0.08,0.18020253458526,0.2,6.5,3,840,36,27,32,9,55.6093871593475
"353",0.4,3,4,0.08,0.18020253458526,0.2,6.5,3,840,36,38,30,8,44.9873406887054
"354",0.4,3,4,0.08,0.18020253458526,0.2,6.5,3,840,36,49,15,3,33.6171145439148
"355",0.4,3,4,0.08,0.18020253458526,0.2,6.5,3,840,36,29,43,5,41.855348110199
"356",0.4,3,4,0.08,0.18020253458526,0.2,6.5,3,840,36,31,42,7,50.3036639690399
"357",0.4,3,4,0.08,0.18020253458526,0.2,6.5,3,840,36,28,25,6,1.00053087075551
"358",0.4,3,4,0.08,0.18020253458526,0.2,6.5,3,840,36,24,42,1,34.6184184551239
"359",0.4,3,4,0.08,0.18020253458526,0.2,6.5,3,840,36,30,52,2,36.3084464073181
"360",0.4,3,4,0.08,0.18020253458526,0.2,6.5,3,840,36,32,30,4,43.8689360618591
"361",0.4,3,4,0.08,0.237898504012264,0.2,6.5,3,840,37,30,47,7,53.1781833171844
"362",0.4,3,4,0.08,0.237898504012264,0.2,6.5,3,840,37,23,30,9,55.2746295928955
"363",0.4,3,4,0.08,0.237898504012264,0.2,6.5,3,840,37,28,30,6,30.1434977054596
"364",0.4,3,4,0.08,0.237898504012264,0.2,6.5,3,840,37,22,27,8,37.699159860611
"365",0.4,3,4,0.08,0.237898504012264,0.2,6.5,3,840,37,15,27,10,47.1508860588074
"366",0.4,3,4,0.08,0.237898504012264,0.2,6.5,3,840,37,27,31,4,56.4965391159058
"367",0.4,3,4,0.08,0.237898504012264,0.2,6.5,3,840,37,24,39,1,46.1120555400848
"368",0.4,3,4,0.08,0.237898504012264,0.2,6.5,3,840,37,41,16,3,33.8413848876953
"369",0.4,3,4,0.08,0.237898504012264,0.2,6.5,3,840,37,24,39,5,41.5924203395844
"370",0.4,3,4,0.08,0.237898504012264,0.2,6.5,3,840,37,21,53,2,50.3270318508148
"371",0.4,3,4,0.08,0.110686013302766,0.2,6.5,3,840,38,41,39,5,58.5472023487091
"372",0.4,3,4,0.08,0.110686013302766,0.2,6.5,3,840,38,43,47,7,36.5309338569641
"373",0.4,3,4,0.08,0.110686013302766,0.2,6.5,3,840,38,36,37,9,35.2849886417389
"374",0.4,3,4,0.08,0.110686013302766,0.2,6.5,3,840,38,44,11,3,45.0816316604614
"375",0.4,3,4,0.08,0.110686013302766,0.2,6.5,3,840,38,42,53,2,52.7308602333069
"376",0.4,3,4,0.08,0.110686013302766,0.2,6.5,3,840,38,46,32,4,58.817164182663
"377",0.4,3,4,0.08,0.110686013302766,0.2,6.5,3,840,38,49,33,6,30.2090573310852
"378",0.4,3,4,0.08,0.110686013302766,0.2,6.5,3,840,38,50,32,8,38.6775085926056
"379",0.4,3,4,0.08,0.110686013302766,0.2,6.5,3,840,38,34,40,10,46.9696640968323
"380",0.4,3,4,0.08,0.110686013302766,0.2,6.5,3,840,38,38,40,1,55.9214291572571
"381",0.4,3,4,0.08,0.294065764616244,0.2,6.5,3,840,39,20,26,8,46.0946819782257
"382",0.4,3,4,0.08,0.294065764616244,0.2,6.5,3,840,39,11,27,10,34.0328371524811
"383",0.4,3,4,0.08,0.294065764616244,0.2,6.5,3,840,39,24,37,1,40.7303521633148
"384",0.4,3,4,0.08,0.294065764616244,0.2,6.5,3,840,39,40,11,3,50.4016118049622
"385",0.4,3,4,0.08,0.294065764616244,0.2,6.5,3,840,39,16,44,5,58.1563198566437
"386",0.4,3,4,0.08,0.294065764616244,0.2,6.5,3,840,39,29,46,7,37.5858631134033
"387",0.4,3,4,0.08,0.294065764616244,0.2,6.5,3,840,39,17,38,9,34.7088830471039
"388",0.4,3,4,0.08,0.294065764616244,0.2,6.5,3,840,39,23,29,6,44.5830442905426
"389",0.4,3,4,0.08,0.294065764616244,0.2,6.5,3,840,39,18,53,2,52.9098587036133
"390",0.4,3,4,0.08,0.294065764616244,0.2,6.5,3,840,39,21,36,4,1.00759391387304
"391",0.4,3,4,0.08,0.13951106983237,0.2,6.5,3,840,40,30,28,9,28.8108465671539
"392",0.4,3,4,0.08,0.13951106983237,0.2,6.5,3,840,40,42,35,7,37.733490228653
"393",0.4,3,4,0.08,0.13951106983237,0.2,6.5,3,840,40,39,25,6,46.7599472999573
"394",0.4,3,4,0.08,0.13951106983237,0.2,6.5,3,840,40,40,36,8,55.5315630435944
"395",0.4,3,4,0.08,0.13951106983237,0.2,6.5,3,840,40,26,29,10,51.1523284912109
"396",0.4,3,4,0.08,0.13951106983237,0.2,6.5,3,840,40,38,36,5,31.852986574173
"397",0.4,3,4,0.08,0.13951106983237,0.2,6.5,3,840,40,36,32,4,38.9350652694702
"398",0.4,3,4,0.08,0.13951106983237,0.2,6.5,3,840,40,32,37,1,50.1645486354828
"399",0.4,3,4,0.08,0.13951106983237,0.2,6.5,3,840,40,50,11,3,56.9614284038544
"400",0.4,3,4,0.08,0.13951106983237,0.2,6.5,3,840,40,33,44,2,45.2474603652954
"401",0.4,3,4,0.08,0.15,0.00815699616330676,6.5,3,840,41,0,33,10,33.5769038200378
"402",0.4,3,4,0.08,0.15,0.00815699616330676,6.5,3,840,41,0,45,7,42.3332703113556
"403",0.4,3,4,0.08,0.15,0.00815699616330676,6.5,3,840,41,0,28,9,50.8764519691467
"404",0.4,3,4,0.08,0.15,0.00815699616330676,6.5,3,840,41,0,29,8,1.00806058247884
"405",0.4,3,4,0.08,0.15,0.00815699616330676,6.5,3,840,41,0,41,5,38.9197475910187
"406",0.4,3,4,0.08,0.15,0.00815699616330676,6.5,3,840,41,0,52,2,35.868225812912
"407",0.4,3,4,0.08,0.15,0.00815699616330676,6.5,3,840,41,0,38,4,42.8688733577728
"408",0.4,3,4,0.08,0.15,0.00815699616330676,6.5,3,840,41,0,33,6,52.5864341259003
"409",0.4,3,4,0.08,0.15,0.00815699616330676,6.5,3,840,41,0,18,3,1.00903786420822
"410",0.4,3,4,0.08,0.15,0.00815699616330676,6.5,3,840,41,0,39,1,35.3334035873413
"411",0.4,3,4,0.08,0.15,0.0751616504334379,6.5,3,840,42,0,29,8,35.1395876407623
"412",0.4,3,4,0.08,0.15,0.0751616504334379,6.5,3,840,42,0,33,10,44.8046720027924
"413",0.4,3,4,0.08,0.15,0.0751616504334379,6.5,3,840,42,0,33,6,53.531144618988
"414",0.4,3,4,0.08,0.15,0.0751616504334379,6.5,3,840,42,0,39,1,1.05894403855006
"415",0.4,3,4,0.08,0.15,0.0751616504334379,6.5,3,840,42,0,18,3,29.9547309875488
"416",0.4,3,4,0.08,0.15,0.0751616504334379,6.5,3,840,42,0,41,5,37.8311333656311
"417",0.4,3,4,0.08,0.15,0.0751616504334379,6.5,3,840,42,0,45,7,45.3686170578003
"418",0.4,3,4,0.08,0.15,0.0751616504334379,6.5,3,840,42,0,28,9,55.9630792140961
"419",0.4,3,4,0.08,0.15,0.0751616504334379,6.5,3,840,42,0,52,2,59.2611138820648
"420",0.4,3,4,0.08,0.15,0.0751616504334379,6.5,3,840,42,0,38,4,30.4974658489227
"421",0.4,3,4,0.08,0.15,0.241592242227634,6.5,3,840,43,67,32,9,38.1858870983124
"422",0.4,3,4,0.08,0.15,0.241592242227634,6.5,3,840,43,55,47,2,47.6352112293243
"423",0.4,3,4,0.08,0.15,0.241592242227634,6.5,3,840,43,72,36,4,55.8115689754486
"424",0.4,3,4,0.08,0.15,0.241592242227634,6.5,3,840,43,67,29,6,56.0632646083832
"425",0.4,3,4,0.08,0.15,0.241592242227634,6.5,3,840,43,64,29,8,31.6372973918915
"426",0.4,3,4,0.08,0.15,0.241592242227634,6.5,3,840,43,50,34,10,40.1846449375153
"427",0.4,3,4,0.08,0.15,0.241592242227634,6.5,3,840,43,66,43,7,48.215038061142
"428",0.4,3,4,0.08,0.15,0.241592242227634,6.5,3,840,43,52,40,1,58.1575834751129
"429",0.4,3,4,0.08,0.15,0.241592242227634,6.5,3,840,43,70,19,3,51.0797066688538
"430",0.4,3,4,0.08,0.15,0.241592242227634,6.5,3,840,43,53,41,5,33.2791676521301
"431",0.4,3,4,0.08,0.15,0.145956704519922,6.5,3,840,44,5,30,10,43.1615948677063
"432",0.4,3,4,0.08,0.15,0.145956704519922,6.5,3,840,44,5,35,5,49.6933171749115
"433",0.4,3,4,0.08,0.15,0.145956704519922,6.5,3,840,44,15,39,7,57.7064673900604
"434",0.4,3,4,0.08,0.15,0.145956704519922,6.5,3,840,44,3,33,9,47.2048349380493
"435",0.4,3,4,0.08,0.15,0.145956704519922,6.5,3,840,44,7,34,8,32.9458611011505
"436",0.4,3,4,0.08,0.15,0.145956704519922,6.5,3,840,44,10,50,2,42.7524538040161
"437",0.4,3,4,0.08,0.15,0.145956704519922,6.5,3,840,44,8,30,4,50.5937161445618
"438",0.4,3,4,0.08,0.15,0.145956704519922,6.5,3,840,44,4,34,6,1.00188184181849
"439",0.4,3,4,0.08,0.15,0.145956704519922,6.5,3,840,44,8,36,1,42.0832777023315
"440",0.4,3,4,0.08,0.15,0.145956704519922,6.5,3,840,44,16,13,3,35.324690580368
"441",0.4,3,4,0.08,0.15,0.3316024951078,6.5,3,840,45,129,22,8,42.3467290401459
"442",0.4,3,4,0.08,0.15,0.3316024951078,6.5,3,840,45,131,26,10,52.461695432663
"443",0.4,3,4,0.08,0.15,0.3316024951078,6.5,3,840,45,133,23,9,1.02030243873596
"444",0.4,3,4,0.08,0.15,0.3316024951078,6.5,3,840,45,129,26,6,38.8261194229126
"445",0.4,3,4,0.08,0.15,0.3316024951078,6.5,3,840,45,151,11,3,34.9078524112701
"446",0.4,3,4,0.08,0.15,0.3316024951078,6.5,3,840,45,135,29,5,44.8759469985962
"447",0.4,3,4,0.08,0.15,0.3316024951078,6.5,3,840,45,131,22,7,53.6610970497131
"448",0.4,3,4,0.08,0.15,0.3316024951078,6.5,3,840,45,134,30,4,1.11905394395192
"449",0.4,3,4,0.08,0.15,0.3316024951078,6.5,3,840,45,127,32,1,36.3733596801758
"450",0.4,3,4,0.08,0.15,0.3316024951078,6.5,3,840,45,137,39,2,42.2051014900208
"451",0.4,3,4,0.08,0.15,0.291343576584477,6.5,3,840,46,103,24,6,49.4577033519745
"452",0.4,3,4,0.08,0.15,0.291343576584477,6.5,3,840,46,106,31,7,1.01740914185842
"453",0.4,3,4,0.08,0.15,0.291343576584477,6.5,3,840,46,98,30,9,1.16673931678136
"454",0.4,3,4,0.08,0.15,0.291343576584477,6.5,3,840,46,101,31,1,30.5747997760773
"455",0.4,3,4,0.08,0.15,0.291343576584477,6.5,3,840,46,105,31,8,38.3003573417664
"456",0.4,3,4,0.08,0.15,0.291343576584477,6.5,3,840,46,96,34,10,47.1875996589661
"457",0.4,3,4,0.08,0.15,0.291343576584477,6.5,3,840,46,109,31,4,55.5760064125061
"458",0.4,3,4,0.08,0.15,0.291343576584477,6.5,3,840,46,111,10,3,1.00026743014654
"459",0.4,3,4,0.08,0.15,0.291343576584477,6.5,3,840,46,110,33,5,32.4309189319611
"460",0.4,3,4,0.08,0.15,0.291343576584477,6.5,3,840,46,102,45,2,41.1501080989838
"461",0.4,3,4,0.08,0.15,0.378226289787563,6.5,3,840,47,152,20,9,48.9096450805664
"462",0.4,3,4,0.08,0.15,0.378226289787563,6.5,3,840,47,154,48,7,57.4910097122192
"463",0.4,3,4,0.08,0.15,0.378226289787563,6.5,3,840,47,150,31,4,53.7640480995178
"464",0.4,3,4,0.08,0.15,0.378226289787563,6.5,3,840,47,156,26,6,31.8001184463501
"465",0.4,3,4,0.08,0.15,0.378226289787563,6.5,3,840,47,150,34,5,38.9852604866028
"466",0.4,3,4,0.08,0.15,0.378226289787563,6.5,3,840,47,152,48,2,49.1199429035187
"467",0.4,3,4,0.08,0.15,0.378226289787563,6.5,3,840,47,148,28,1,57.3223853111267
"468",0.4,3,4,0.08,0.15,0.378226289787563,6.5,3,840,47,153,22,8,50.4793832302094
"469",0.4,3,4,0.08,0.15,0.378226289787563,6.5,3,840,47,150,26,10,33.3621456623077
"470",0.4,3,4,0.08,0.15,0.378226289787563,6.5,3,840,47,153,10,3,41.8009617328644
"471",0.4,3,4,0.08,0.15,0.198788059334038,6.5,3,840,48,30,45,7,49.7988450527191
"472",0.4,3,4,0.08,0.15,0.198788059334038,6.5,3,840,48,23,27,10,59.4428424835205
"473",0.4,3,4,0.08,0.15,0.198788059334038,6.5,3,840,48,31,32,9,45.1796650886536
"474",0.4,3,4,0.08,0.15,0.198788059334038,6.5,3,840,48,44,12,3,34.7043585777283
"475",0.4,3,4,0.08,0.15,0.198788059334038,6.5,3,840,48,32,36,5,41.3930480480194
"476",0.4,3,4,0.08,0.15,0.198788059334038,6.5,3,840,48,29,50,2,51.0722498893738
"477",0.4,3,4,0.08,0.15,0.198788059334038,6.5,3,840,48,33,39,4,59.525288105011
"478",0.4,3,4,0.08,0.15,0.198788059334038,6.5,3,840,48,30,31,6,41.7358481884003
"479",0.4,3,4,0.08,0.15,0.198788059334038,6.5,3,840,48,38,32,8,34.0430610179901
"480",0.4,3,4,0.08,0.15,0.198788059334038,6.5,3,840,48,34,34,1,47.1805334091187
"481",0.4,3,4,0.08,0.15,0.43234722418827,6.5,3,840,49,164,39,5,52.8715209960938
"482",0.4,3,4,0.08,0.15,0.43234722418827,6.5,3,840,49,154,30,7,1.04723207155863
"483",0.4,3,4,0.08,0.15,0.43234722418827,6.5,3,840,49,157,23,1,37.5890643596649
"484",0.4,3,4,0.08,0.15,0.43234722418827,6.5,3,840,49,154,19,8,36.6516644954681
"485",0.4,3,4,0.08,0.15,0.43234722418827,6.5,3,840,49,166,27,10,43.717390537262
"486",0.4,3,4,0.08,0.15,0.43234722418827,6.5,3,840,49,158,31,9,54.4426462650299
"487",0.4,3,4,0.08,0.15,0.43234722418827,6.5,3,840,49,159,31,4,1.0331840634346
"488",0.4,3,4,0.08,0.15,0.43234722418827,6.5,3,840,49,163,15,3,33.5297904014587
"489",0.4,3,4,0.08,0.15,0.43234722418827,6.5,3,840,49,162,50,2,36.485476732254
"490",0.4,3,4,0.08,0.15,0.43234722418827,6.5,3,840,49,165,33,6,46.3509805202484
"491",0.4,3,4,0.08,0.15,0.127658292195993,6.5,3,840,50,10,16,3,54.8071348667145
"492",0.4,3,4,0.08,0.15,0.127658292195993,6.5,3,840,50,1,34,9,1.04586410125097
"493",0.4,3,4,0.08,0.15,0.127658292195993,6.5,3,840,50,3,35,6,29.0653433799744
"494",0.4,3,4,0.08,0.15,0.127658292195993,6.5,3,840,50,1,39,5,38.4835622310638
"495",0.4,3,4,0.08,0.15,0.127658292195993,6.5,3,840,50,9,23,7,46.63938164711
"496",0.4,3,4,0.08,0.15,0.127658292195993,6.5,3,840,50,3,51,2,56.6322469711304
"497",0.4,3,4,0.08,0.15,0.127658292195993,6.5,3,840,50,3,36,1,56.829619884491
"498",0.4,3,4,0.08,0.15,0.127658292195993,6.5,3,840,50,2,31,8,30.718359708786
"499",0.4,3,4,0.08,0.15,0.127658292195993,6.5,3,840,50,0,33,10,38.5238535404205
"500",0.4,3,4,0.08,0.15,0.127658292195993,6.5,3,840,50,2,28,4,48.1896440982819
"501",0.4,3,4,0.08,0.15,0.2,6.5,1.52631313854363,840,51,35,33,7,56.7441041469574
"502",0.4,3,4,0.08,0.15,0.2,6.5,1.52631313854363,840,51,33,24,1,54.3076100349426
"503",0.4,3,4,0.08,0.15,0.2,6.5,1.52631313854363,840,51,42,8,3,31.5431373119354
"504",0.4,3,4,0.08,0.15,0.2,6.5,1.52631313854363,840,51,25,18,10,40.8160417079926
"505",0.4,3,4,0.08,0.15,0.2,6.5,1.52631313854363,840,51,36,19,9,48.4051277637482
"506",0.4,3,4,0.08,0.15,0.2,6.5,1.52631313854363,840,51,34,26,4,58.7634520530701
"507",0.4,3,4,0.08,0.15,0.2,6.5,1.52631313854363,840,51,32,19,6,48.9580316543579
"508",0.4,3,4,0.08,0.15,0.2,6.5,1.52631313854363,840,51,30,32,5,35.7074244022369
"509",0.4,3,4,0.08,0.15,0.2,6.5,1.52631313854363,840,51,31,40,2,40.7747569084167
"510",0.4,3,4,0.08,0.15,0.2,6.5,1.52631313854363,840,51,35,22,8,50.5355532169342
"511",0.4,3,4,0.08,0.15,0.2,6.5,4.55779106682166,840,52,30,45,5,58.6620807647705
"512",0.4,3,4,0.08,0.15,0.2,6.5,4.55779106682166,840,52,36,38,9,45.2235360145569
"513",0.4,3,4,0.08,0.15,0.2,6.5,4.55779106682166,840,52,39,33,8,33.470472574234
"514",0.4,3,4,0.08,0.15,0.2,6.5,4.55779106682166,840,52,35,52,7,47.311381816864
"515",0.4,3,4,0.08,0.15,0.2,6.5,4.55779106682166,840,52,30,55,2,56.85710978508
"516",0.4,3,4,0.08,0.15,0.2,6.5,4.55779106682166,840,52,32,45,1,1.11457006931305
"517",0.4,3,4,0.08,0.15,0.2,6.5,4.55779106682166,840,52,42,24,3,46.4287858009338
"518",0.4,3,4,0.08,0.15,0.2,6.5,4.55779106682166,840,52,24,37,10,35.7875642776489
"519",0.4,3,4,0.08,0.15,0.2,6.5,4.55779106682166,840,52,32,49,4,43.2656428813934
"520",0.4,3,4,0.08,0.15,0.2,6.5,4.55779106682166,840,52,32,34,6,53.4866366386414
"521",0.4,3,4,0.08,0.15,0.2,6.5,2.20121499709785,840,53,23,24,10,1.07056266466777
"522",0.4,3,4,0.08,0.15,0.2,6.5,2.20121499709785,840,53,42,15,3,40.2408287525177
"523",0.4,3,4,0.08,0.15,0.2,6.5,2.20121499709785,840,53,30,36,5,35.586688041687
"524",0.4,3,4,0.08,0.15,0.2,6.5,2.20121499709785,840,53,34,34,7,44.7351083755493
"525",0.4,3,4,0.08,0.15,0.2,6.5,2.20121499709785,840,53,38,23,9,52.3332641124725
"526",0.4,3,4,0.08,0.15,0.2,6.5,2.20121499709785,840,53,30,26,6,1.03638376394908
"527",0.4,3,4,0.08,0.15,0.2,6.5,2.20121499709785,840,53,36,26,8,30.6174852848053
"528",0.4,3,4,0.08,0.15,0.2,6.5,2.20121499709785,840,53,30,41,2,39.4051749706268
"529",0.4,3,4,0.08,0.15,0.2,6.5,2.20121499709785,840,53,33,26,1,49.4927282333374
"530",0.4,3,4,0.08,0.15,0.2,6.5,2.20121499709785,840,53,34,31,4,1.007637099425
"531",0.4,3,4,0.08,0.15,0.2,6.5,3.09811143914703,840,54,38,33,8,1.11634948253632
"532",0.4,3,4,0.08,0.15,0.2,6.5,3.09811143914703,840,54,32,36,1,31.2741076946259
"533",0.4,3,4,0.08,0.15,0.2,6.5,3.09811143914703,840,54,42,17,3,40.8749535083771
"534",0.4,3,4,0.08,0.15,0.2,6.5,3.09811143914703,840,54,23,27,10,49.2070598602295
"535",0.4,3,4,0.08,0.15,0.2,6.5,3.09811143914703,840,54,36,29,9,1.01043928066889
"536",0.4,3,4,0.08,0.15,0.2,6.5,3.09811143914703,840,54,31,32,6,59.468368768692
"537",0.4,3,4,0.08,0.15,0.2,6.5,3.09811143914703,840,54,30,41,5,30.4123759269714
"538",0.4,3,4,0.08,0.15,0.2,6.5,3.09811143914703,840,54,35,44,7,41.4461555480957
"539",0.4,3,4,0.08,0.15,0.2,6.5,3.09811143914703,840,54,33,39,4,52.9023292064667
"540",0.4,3,4,0.08,0.15,0.2,6.5,3.09811143914703,840,54,30,47,2,1.04782133897146
"541",0.4,3,4,0.08,0.15,0.2,6.5,0.281686577480286,840,55,38,12,9,57.1424200534821
"542",0.4,3,4,0.08,0.15,0.2,6.5,0.281686577480286,840,55,30,14,6,32.4472575187683
"543",0.4,3,4,0.08,0.15,0.2,6.5,0.281686577480286,840,55,36,10,8,39.669947385788
"544",0.4,3,4,0.08,0.15,0.2,6.5,0.281686577480286,840,55,35,24,7,49.1800410747528
"545",0.4,3,4,0.08,0.15,0.2,6.5,0.281686577480286,840,55,32,13,1,57.1713275909424
"546",0.4,3,4,0.08,0.15,0.2,6.5,0.281686577480286,840,55,42,2,3,48.3825738430023
"547",0.4,3,4,0.08,0.15,0.2,6.5,0.281686577480286,840,55,25,11,10,32.5794978141785
"548",0.4,3,4,0.08,0.15,0.2,6.5,0.281686577480286,840,55,30,25,2,42.1050736904144
"549",0.4,3,4,0.08,0.15,0.2,6.5,0.281686577480286,840,55,35,17,4,50.1654531955719
"550",0.4,3,4,0.08,0.15,0.2,6.5,0.281686577480286,840,55,32,27,5,1.0043158253034
"551",0.4,3,4,0.08,0.15,0.2,6.5,1.28685876703821,840,56,35,17,9,43.9976236820221
"552",0.4,3,4,0.08,0.15,0.2,6.5,1.28685876703821,840,56,25,18,10,34.8052401542664
"553",0.4,3,4,0.08,0.15,0.2,6.5,1.28685876703821,840,56,35,32,7,42.9658205509186
"554",0.4,3,4,0.08,0.15,0.2,6.5,1.28685876703821,840,56,34,24,4,55.5854206085205
"555",0.4,3,4,0.08,0.15,0.2,6.5,1.28685876703821,840,56,33,20,6,1.01285516023636
"556",0.4,3,4,0.08,0.15,0.2,6.5,1.28685876703821,840,56,35,22,8,39.7197027206421
"557",0.4,3,4,0.08,0.15,0.2,6.5,1.28685876703821,840,56,30,32,5,34.9581782817841
"558",0.4,3,4,0.08,0.15,0.2,6.5,1.28685876703821,840,56,30,32,2,43.9577078819275
"559",0.4,3,4,0.08,0.15,0.2,6.5,1.28685876703821,840,56,32,27,1,52.0200469493866
"560",0.4,3,4,0.08,0.15,0.2,6.5,1.28685876703821,840,56,42,6,3,1.04369974136353
"561",0.4,3,4,0.08,0.15,0.2,6.5,4.29682936018799,840,57,37,32,8,34.5333256721497
"562",0.4,3,4,0.08,0.15,0.2,6.5,4.29682936018799,840,57,24,37,10,36.6147153377533
"563",0.4,3,4,0.08,0.15,0.2,6.5,4.29682936018799,840,57,35,53,7,44.5540065765381
"564",0.4,3,4,0.08,0.15,0.2,6.5,4.29682936018799,840,57,36,38,9,54.6071531772614
"565",0.4,3,4,0.08,0.15,0.2,6.5,4.29682936018799,840,57,31,28,6,1.07948308388392
"566",0.4,3,4,0.08,0.15,0.2,6.5,4.29682936018799,840,57,32,45,1,33.8160798549652
"567",0.4,3,4,0.08,0.15,0.2,6.5,4.29682936018799,840,57,30,57,2,37.2566473484039
"568",0.4,3,4,0.08,0.15,0.2,6.5,4.29682936018799,840,57,34,45,4,46.0978002548218
"569",0.4,3,4,0.08,0.15,0.2,6.5,4.29682936018799,840,57,42,24,3,54.2958590984344
"570",0.4,3,4,0.08,0.15,0.2,6.5,4.29682936018799,840,57,31,44,5,1.0037254412969
"571",0.4,3,4,0.08,0.15,0.2,6.5,3.67404727661051,840,58,32,42,1,29.9175770282745
"572",0.4,3,4,0.08,0.15,0.2,6.5,3.67404727661051,840,58,23,31,10,39.038681268692
"573",0.4,3,4,0.08,0.15,0.2,6.5,3.67404727661051,840,58,42,19,3,46.5414786338806
"574",0.4,3,4,0.08,0.15,0.2,6.5,3.67404727661051,840,58,30,47,2,56.1452877521515
"575",0.4,3,4,0.08,0.15,0.2,6.5,3.67404727661051,840,58,37,28,8,55.2918887138367
"576",0.4,3,4,0.08,0.15,0.2,6.5,3.67404727661051,840,58,31,42,5,31.8718190193176
"577",0.4,3,4,0.08,0.15,0.2,6.5,3.67404727661051,840,58,37,32,9,39.3870739936829
"578",0.4,3,4,0.08,0.15,0.2,6.5,3.67404727661051,840,58,31,30,6,49.2331883907318
"579",0.4,3,4,0.08,0.15,0.2,6.5,3.67404727661051,840,58,32,44,4,57.1974492073059
"580",0.4,3,4,0.08,0.15,0.2,6.5,3.67404727661051,840,58,36,44,7,51.1693754196167
"581",0.4,3,4,0.08,0.15,0.2,6.5,0.566494717029855,840,59,31,29,2,31.6028051376343
"582",0.4,3,4,0.08,0.15,0.2,6.5,0.566494717029855,840,59,42,2,3,41.602383852005
"583",0.4,3,4,0.08,0.15,0.2,6.5,0.566494717029855,840,59,32,17,1,54.0231599807739
"584",0.4,3,4,0.08,0.15,0.2,6.5,0.566494717029855,840,59,31,30,5,1.09952876170476
"585",0.4,3,4,0.08,0.15,0.2,6.5,0.566494717029855,840,59,30,19,6,47.8531055450439
"586",0.4,3,4,0.08,0.15,0.2,6.5,0.566494717029855,840,59,35,18,4,34.1304771900177
"587",0.4,3,4,0.08,0.15,0.2,6.5,0.566494717029855,840,59,35,28,7,41.2945125102997
"588",0.4,3,4,0.08,0.15,0.2,6.5,0.566494717029855,840,59,38,12,9,52.3057196140289
"589",0.4,3,4,0.08,0.15,0.2,6.5,0.566494717029855,840,59,25,11,10,1.00108873844147
"590",0.4,3,4,0.08,0.15,0.2,6.5,0.566494717029855,840,59,36,13,8,43.3565351963043
"591",0.4,3,4,0.08,0.15,0.2,6.5,2.81771436939016,840,60,30,42,2,33.7759101390839
"592",0.4,3,4,0.08,0.15,0.2,6.5,2.81771436939016,840,60,30,29,6,43.1509237289429
"593",0.4,3,4,0.08,0.15,0.2,6.5,2.81771436939016,840,60,33,38,4,51.1990504264832
"594",0.4,3,4,0.08,0.15,0.2,6.5,2.81771436939016,840,60,38,31,9,1.02655562559764
"595",0.4,3,4,0.08,0.15,0.2,6.5,2.81771436939016,840,60,30,40,5,37.9401307106018
"596",0.4,3,4,0.08,0.15,0.2,6.5,2.81771436939016,840,60,42,17,3,35.8978970050812
"597",0.4,3,4,0.08,0.15,0.2,6.5,2.81771436939016,840,60,32,32,1,43.5524139404297
"598",0.4,3,4,0.08,0.15,0.2,6.5,2.81771436939016,840,60,35,39,7,52.9521088600159
"599",0.4,3,4,0.08,0.15,0.2,6.5,2.81771436939016,840,60,38,29,8,1.01766040325165
"600",0.4,3,4,0.08,0.15,0.2,6.5,2.81771436939016,840,60,24,23,10,34.4682905673981
