agencyid,agency,logcapZscore,region,countyfips5,totalDeclaration,declarationProb,Success Rate,DisasterProb,state,statefull,FTARegion,ewfreq,ewprob,ewbiggerthanDisaster,declarationRate,ewThreshold,disasterThreshold,expectedBadWeatherSeverity
8001,Utah Transit Authority,1.492470023,west,49035,2,0.00877193,0.38,0.023084026,UT,Utah,FTA Region8,2,0.067,TRUE,0.003333333,5.296399302,5.467888841,5.117929326
1001,Rhode Island Public Transit Authority,0.806947384,northeast,44007,10,0.043859649,0.5,0.087719298,RI,Rhode Island,FTA Region1,11,0.125,TRUE,0.021929825,5.294383246,5.408767998,4.951967114
4141,Central Midlands Transit,-0.88062661,south,45079,12,0.052631579,0.5,0.105263158,SC,South Carolina,FTA Region4,8,0.107,TRUE,0.02631579,5.29210583,5.382237646,4.874388965
4110,Charleston Area Regional Transportation Authority,-0.387580659,south,45019,13,0.057017544,0.5,0.114035088,SC,South Carolina,FTA Region4,8,0.107,TRUE,0.028508772,5.288746402,5.349281379,5.23910605
4100,Santee Wateree Regional Transportation Authority,-1.394944857,south,45085,14,0.061403509,0.5,0.122807018,SC,South Carolina,FTA Region4,8,0.107,TRUE,0.030701755,5.283335567,5.364525547,4.743650128
4056,Pee Dee Regional Transportation Authority,-1.268186636,south,45041,14,0.061403509,0.5,0.122807018,SC,South Carolina,FTA Region4,7,0.107,TRUE,0.030701755,5.290186485,5.355826208,4.841259047
4078,Cobb County Department of Transportation Authority,-0.414494468,south,13067,7,0.030701754,0.53,0.057927838,GA,Georgia,FTA Region4,14,0.107,TRUE,0.01627193,5.297931326,5.429275509,5.286581251
4130,Macon-Bibb County Transit Authority,-1.164734866,south,13021,6,0.026315789,0.53,0.049652432,GA,Georgia,FTA Region4,13,0.107,TRUE,0.013947368,5.278423408,5.406257913,4.617437783
4138,Gwinnett County Board of Commissioners,-0.567078875,south,13135,6,0.026315789,0.53,0.049652432,GA,Georgia,FTA Region4,13,0.107,TRUE,0.013947368,5.298109674,5.442577465,5.081217461
9045,Regional Transportation Commission of Southern Nevada,1.133009717,west,32003,4,0.01754386,0.53,0.033101623,NV,Nevada,FTA Region9,11,0.067,TRUE,0.009298246,5.281093906,5.387379122,4.374042988
4047,Athens Transit System,-1.201181507,south,13059,5,0.021929825,0.53,0.041377028,GA,Georgia,FTA Region4,11,0.107,TRUE,0.011622807,5.283954023,5.431206152,5.247710947
4022,Metropolitan Atlanta Rapid Transit Authority,1.847861249,south,13121,9,0.039473684,0.53,0.074478649,GA,Georgia,FTA Region4,11,0.107,TRUE,0.020921053,5.292234079,5.403169887,5.158904925
9001,Regional Transportation Commission of Washoe County,-0.056247633,west,32031,6,0.026315789,0.53,0.049652432,NV,Nevada,FTA Region9,9,0.067,TRUE,0.013947368,5.2986827,5.410867037,4.405124478
4025,Chatham Area Transit Authority,-0.46134677,south,13051,5,0.021929825,0.53,0.041377028,GA,Georgia,FTA Region4,4,0.107,TRUE,0.011622807,5.293129341,5.463698031,4.409675357
1057,Norwalk Transit District,-0.600578702,northeast,9001,17,0.074561404,0.56,0.133145364,CT,Connecticut,FTA Region1,16,0.125,TRUE,0.041754386,5.282555656,5.360212766,5.151772663
1040,Southeast Area Transit,-1.169055819,northeast,9011,17,0.074561404,0.56,0.133145364,CT,Connecticut,FTA Region1,9,0.125,TRUE,0.041754386,5.289949004,5.354135833,4.867840552
2099,"Staten Island Rapid Transit Operating Authority, dba: MTA Staten Island Railway",0.163671917,northeast,36085,11,0.048245614,0.59,0.081772227,NY,New York,FTA Region2,24,0.125,TRUE,0.028464912,5.29062077,5.405457419,5.01007741
2082,New York City Department of Transportation,0.995412858,northeast,36061,7,0.030701754,0.59,0.052036871,NY,New York,FTA Region2,18,0.125,TRUE,0.018114035,5.285519777,5.473763886,4.924316561
2076,Westchester County Bee-Line System,0.94117535,northeast,36029,11,0.048245614,0.59,0.081772227,NY,New York,FTA Region2,16,0.125,TRUE,0.028464912,5.293522146,5.43277246,5.282561265
2113,"Regional Transit Service, Inc. and Lift Line, Inc.",0.47762784,northeast,36055,6,0.026315789,0.59,0.044603032,NY,New York,FTA Region2,14,0.125,TRUE,0.015526316,5.294236907,5.456730877,4.559264286
2084,Transport of Rockland,-0.493913042,northeast,36087,10,0.043859649,0.59,0.074338388,NY,New York,FTA Region2,10,0.125,TRUE,0.025877193,5.29089205,5.461088926,5.199685199
2004,Niagara Frontier Transportation Authority,0.889411154,northeast,36029,11,0.048245614,0.59,0.081772227,NY,New York,FTA Region2,6,0.125,TRUE,0.028464912,5.291598078,5.418078052,4.569635287
4043,The Wave Transit System,-0.815660847,south,1097,20,0.087719298,0.62,0.141482739,AL,Alabama,FTA Region4,23,0.107,TRUE,0.054385965,5.276212587,5.306971839,4.594013187
7015,Wichita Transit,-0.615791988,midwest,20173,8,0.035087719,0.62,0.056593095,KS,Kansas,FTA Region7,15,0.12,TRUE,0.021754386,5.29379799,5.460089978,4.708792704
4042,Birmingham-Jefferson County Transit Authority,-0.121028585,south,1073,19,0.083333333,0.62,0.134408602,AL,Alabama,FTA Region4,14,0.107,TRUE,0.051666666,5.277663821,5.324977941,4.442070059
7048,City of Lawrence,-0.994417208,midwest,20045,9,0.039473684,0.62,0.063667232,KS,Kansas,FTA Region7,13,0.12,TRUE,0.024473684,5.301039646,5.456400565,4.764507768
6056,Dallas Area Rapid Transit,1.995215555,south,48113,9,0.039473684,0.63,0.062656641,TX,Texas,FTA Region6,16,0.107,TRUE,0.024868421,5.29197799,5.399262532,4.726908775
4008,Charlotte Area Transit System,0.883091486,south,37119,4,0.01754386,0.63,0.027847397,NC,North Carolina,FTA Region4,15,0.107,TRUE,0.011052632,5.293768802,5.491194441,4.587246537
6010,"City Transit Management Company, Inc.",-0.763561861,south,48303,8,0.035087719,0.63,0.055694792,TX,Texas,FTA Region6,15,0.107,TRUE,0.022105263,5.299019828,5.439443298,4.789275764
6101,Denton County Transportation Authority,-0.242251143,south,48121,8,0.035087719,0.63,0.055694792,TX,Texas,FTA Region6,11,0.107,TRUE,0.022105263,5.30086682,5.423748865,4.547021103
6007,Fort Worth Transportation Authority,0.391958333,south,48439,10,0.043859649,0.63,0.06961849,TX,Texas,FTA Region6,11,0.107,TRUE,0.027631579,5.284924761,5.386431213,5.146651112
6012,"Waco Transit System, Inc.",-1.291726514,south,48309,7,0.030701754,0.63,0.048732943,TX,Texas,FTA Region6,10,0.107,TRUE,0.019342105,5.291292156,5.42791182,4.519195282
4014,Coast Transit Authority,-1.151491416,south,28047,12,0.052631579,0.63,0.083542189,MS,Mississippi,FTA Region4,10,0.107,TRUE,0.033157895,5.294498271,5.365643369,4.767014954
4007,Capital Area Transit,-0.109572704,south,37183,7,0.030701754,0.63,0.048732943,NC,North Carolina,FTA Region4,9,0.107,TRUE,0.019342105,5.292428397,5.444863931,5.30018202
6011,VIA Metropolitan Transit,1.119126704,south,48029,11,0.048245614,0.63,0.07658034,TX,Texas,FTA Region6,9,0.107,TRUE,0.030394737,5.28524705,5.381108669,4.50427464
6048,Capital Metropolitan Transportation Authority,1.160627508,south,48453,13,0.057017544,0.63,0.090504038,TX,Texas,FTA Region6,9,0.107,TRUE,0.035921053,5.292514957,5.383378728,4.661808043
6008,"Metropolitan Transit Authority of Harris County, Texas",1.742495161,south,48201,15,0.065789474,0.63,0.104427737,TX,Texas,FTA Region6,9,0.107,TRUE,0.041447369,5.299988565,5.344747013,4.391103875
4087,Durham Area Transit Authority,-0.301539909,south,37063,6,0.026315789,0.63,0.041771094,NC,North Carolina,FTA Region4,8,0.107,TRUE,0.016578947,5.289381161,5.430142763,4.380628186
4006,Cape Fear Public Transportation Authority,-0.974050474,south,37129,12,0.052631579,0.63,0.083542189,NC,North Carolina,FTA Region4,7,0.107,TRUE,0.033157895,5.288063579,5.378358427,5.299372019
4173,Piedmont Authority for Regional Transportation,-1.107194732,south,37081,9,0.039473684,0.63,0.062656641,NC,North Carolina,FTA Region4,6,0.107,TRUE,0.024868421,5.296850202,5.40053754,4.826451755
6014,City of Brownsville - Brownsville Metro,-1.084482782,south,48061,12,0.052631579,0.63,0.083542189,TX,Texas,FTA Region6,5,0.107,TRUE,0.033157895,5.294229132,5.395467264,4.617055268
6009,"Laredo Transit Management, Inc.",-0.584169959,south,48479,9,0.039473684,0.63,0.062656641,TX,Texas,FTA Region6,3,0.107,TRUE,0.024868421,5.28371382,5.407163802,4.739820022
5022,Toledo Area Regional Transit Authority,-0.19143779,midwest,39095,5,0.021929825,0.64,0.034265352,OH,Ohio,FTA Region5,18,0.12,TRUE,0.014035088,5.276016398,5.482390022,5.128081253
5010,METRO Regional Transit Authority,0.105024861,midwest,39153,7,0.030701754,0.64,0.047971491,OH,Ohio,FTA Region5,14,0.12,TRUE,0.019649123,5.279655946,5.430780749,4.416621025
5117,Laketran,-0.690790494,midwest,39085,5,0.021929825,0.64,0.034265352,OH,Ohio,FTA Region5,13,0.12,TRUE,0.014035088,5.280355942,5.44602253,5.017640242
5015,The Greater Cleveland Regional Transit Authority,1.31277334,midwest,39035,8,0.035087719,0.64,0.054824561,OH,Ohio,FTA Region5,12,0.12,TRUE,0.02245614,5.291712931,5.430927149,4.65131865
5011,Stark Area Regional Transit Authority,-0.453701678,midwest,39151,7,0.030701754,0.64,0.047971491,OH,Ohio,FTA Region5,9,0.12,TRUE,0.019649123,5.300216628,5.463409019,4.956487376
5017,Greater Dayton Regional Transit Authority,0.36833196,midwest,39113,7,0.030701754,0.64,0.047971491,OH,Ohio,FTA Region5,9,0.12,TRUE,0.019649123,5.277337426,5.44494093,4.587990035
5024,Western Reserve Transit Authority,-0.860642838,midwest,39099,6,0.026315789,0.64,0.04111842,OH,Ohio,FTA Region5,5,0.12,TRUE,0.016842105,5.287794512,5.447829813,4.68327602
6033,Central Arkansas Transit Authority,-0.491700549,south,5119,12,0.052631579,0.65,0.08097166,AR,Arkansas,FTA Region6,10,0.107,TRUE,0.034210526,5.282225053,5.350314002,4.68057815
7006,"Bi-State Development Agency of the Missouri-Illinois Metropolitan District, d.b.a.",1.373206216,midwest,29510,0,0,0.67,0,MO,Missouri,FTA Region7,16,0.12,TRUE,0,5.282888571,5.599903285,5.032476115
7016,Columbia Transit,-1.167233089,midwest,29019,17,0.074561404,0.67,0.111285678,MO,Missouri,FTA Region7,13,0.12,TRUE,0.049956141,5.286985779,5.352496751,4.771594875
6019,City of Albuquerque Transit Department,0.170543059,west,35001,3,0.013157895,0.67,0.019638649,NM,New Mexico,FTA Region6,11,0.067,TRUE,0.00881579,5.275732651,5.428286167,5.109256196
7003,City Utilities of Springfield,-0.9053719,midwest,29077,17,0.074561404,0.67,0.111285678,MO,Missouri,FTA Region7,8,0.12,TRUE,0.049956141,5.298689234,5.361820251,4.783353063
6111,Rio Metro Regional Transit District,-0.020044221,west,35001,3,0.013157895,0.67,0.019638649,NM,New Mexico,FTA Region6,5,0.067,TRUE,0.00881579,5.283260663,5.459742651,5.000500019
3085,Prince George's County Transit,-0.174815337,south,24033,10,0.043859649,0.68,0.064499484,MD,Maryland,FTA Region3,14,0.107,TRUE,0.029824561,5.290522768,5.379259829,4.868629437
3051,Ride-On Montgomery County Transit,0.775566087,south,24031,12,0.052631579,0.68,0.077399381,MD,Maryland,FTA Region3,14,0.107,TRUE,0.035789474,5.277754951,5.379410051,4.825897719
3072,Transit Services of Frederick County,-1.21925063,south,24021,10,0.043859649,0.68,0.064499484,MD,Maryland,FTA Region3,12,0.107,TRUE,0.029824561,5.280180992,5.362149719,4.690490091
3034,Maryland Transit Administration,1.943459304,south,24510,0,0,0.68,0,MD,Maryland,FTA Region3,8,0.107,TRUE,0,5.283972034,5.587666415,5.080564406
5057,Rock Island County Metropolitan Mass Transit District,-0.445013974,midwest,17161,5,0.021929825,0.69,0.031782355,IL,Illinois,FTA Region5,20,0.12,TRUE,0.015131579,5.287470751,5.518134482,4.643274012
5066,Chicago Transit Authority,2.491506399,midwest,17031,7,0.030701754,0.69,0.044495296,IL,Illinois,FTA Region5,18,0.12,TRUE,0.02118421,5.280454694,5.466163034,4.719548932
5056,Greater Peoria Mass Transit District,-0.215963585,midwest,17143,6,0.026315789,0.69,0.038138825,IL,Illinois,FTA Region5,17,0.12,TRUE,0.018157894,5.29955599,5.479709496,5.026857884
5058,Rockford Mass Transit District,-0.554425243,midwest,17201,9,0.039473684,0.69,0.057208238,IL,Illinois,FTA Region5,15,0.12,TRUE,0.027236842,5.291549272,5.434092332,5.167357021
5118,Northeast Illinois Regional Commuter Railroad Corporation dba: Metra Rail,2.028222426,midwest,17031,7,0.030701754,0.69,0.044495296,IL,Illinois,FTA Region5,13,0.12,TRUE,0.02118421,5.299886954,5.462928659,4.371692136
5146,Madison County Transit District,-0.28142453,midwest,17119,4,0.01754386,0.69,0.025425884,IL,Illinois,FTA Region5,12,0.12,TRUE,0.012105263,5.279590058,5.4905683,4.43311756
5047,Bloomington-Normal Public Transit System,-0.864766521,midwest,17113,4,0.01754386,0.69,0.025425884,IL,Illinois,FTA Region5,10,0.12,TRUE,0.012105263,5.280536748,5.498434592,4.764267838
5059,Springfield Mass Transit District,-0.629257591,midwest,17167,5,0.021929825,0.69,0.031782355,IL,Illinois,FTA Region5,9,0.12,TRUE,0.015131579,5.285368806,5.528914837,5.261815189
5060,Champaign-Urbana Mass Transit District,-0.052918127,midwest,17019,3,0.013157895,0.69,0.019069413,IL,Illinois,FTA Region5,3,0.12,TRUE,0.009078948,5.290522716,5.556708396,5.013563325
4029,Broward County Transit Division,0.866136725,south,12011,14,0.061403509,0.7,0.087719299,FL,Florida,FTA Region4,20,0.107,TRUE,0.042982456,5.287836434,5.358493984,4.727794676
5004,LaCrosse Municipal Transit Utility,-1.241111742,midwest,55063,8,0.035087719,0.7,0.050125313,WI,Wisconsin,FTA Region5,19,0.12,TRUE,0.024561403,5.299207393,5.425516243,4.893799564
5001,City of Appleton - Valley Transit,-0.955526874,midwest,55087,3,0.013157895,0.7,0.018796993,WI,Wisconsin,FTA Region5,17,0.12,TRUE,0.009210526,5.283681952,5.514200911,4.905042676
4031,Lakeland Area Mass Transit District,-0.920652355,south,12105,13,0.057017544,0.7,0.081453634,FL,Florida,FTA Region4,17,0.107,TRUE,0.039912281,5.290268188,5.37582885,5.125763997
9151,Southern California Regional Rail Authority dba: Metrolink,1.170708826,west,6037,6,0.026315789,0.7,0.037593984,CA,California,FTA Region9,16,0.067,TRUE,0.018421052,5.287999969,5.371862666,4.97312671
4037,"Board of County Commissioners, Palm Beach County, PalmTran, Inc.",0.572788759,south,12099,14,0.061403509,0.7,0.087719299,FL,Florida,FTA Region4,16,0.107,TRUE,0.042982456,5.289349665,5.345405058,5.226115512
4027,Pinellas Suncoast Transit Authority,0.403995953,south,12103,10,0.043859649,0.7,0.062656641,FL,Florida,FTA Region4,15,0.107,TRUE,0.030701754,5.295651335,5.433282214,5.26141618
9015,San Francisco Municipal Railway,2.062242298,west,6075,1,0.004385965,0.7,0.006265664,CA,California,FTA Region9,14,0.067,TRUE,0.003070176,5.278409227,5.397630674,4.992399092
5006,Belle Urban System - Racine,-0.918762523,midwest,55101,8,0.035087719,0.7,0.050125313,WI,Wisconsin,FTA Region5,14,0.12,TRUE,0.024561403,5.29607514,5.418649243,4.969936767
5005,Metro Transit System,0.29538304,midwest,55025,9,0.039473684,0.7,0.056390977,WI,Wisconsin,FTA Region5,14,0.12,TRUE,0.027631579,5.274842613,5.413444061,5.048986589
9208,Butte County Association of Governments,-0.93098225,west,6007,4,0.01754386,0.7,0.025062657,CA,California,FTA Region9,12,0.067,TRUE,0.012280702,5.275239352,5.373893515,4.531872214
9031,Riverside Transit Agency,0.303482857,west,6065,7,0.030701754,0.7,0.043859649,CA,California,FTA Region9,12,0.067,TRUE,0.021491228,5.276294468,5.32642608,4.730855917
9079,SunLine Transit Agency,-0.250644816,west,6065,7,0.030701754,0.7,0.043859649,CA,California,FTA Region9,12,0.067,TRUE,0.021491228,5.284611442,5.340304879,5.039452282
4140,Collier Area Transit,-0.891562641,south,12021,17,0.074561404,0.7,0.106516291,FL,Florida,FTA Region4,12,0.107,TRUE,0.052192983,5.294780131,5.341048544,5.275411481
9012,San Joaquin Regional Transit District,-0.089931088,west,6077,4,0.01754386,0.7,0.025062657,CA,California,FTA Region9,11,0.067,TRUE,0.012280702,5.290888304,5.442085736,4.672607671
9087,Santa Maria Area Transit,-1.187325542,west,6083,6,0.026315789,0.7,0.037593984,CA,California,FTA Region9,11,0.067,TRUE,0.018421052,5.268253156,5.344861032,4.850396269
5002,Green Bay Metro,-1.032148647,midwest,55009,2,0.00877193,0.7,0.012531329,WI,Wisconsin,FTA Region5,10,0.12,TRUE,0.006140351,5.295000443,5.536317136,5.21724206
4063,Space Coast Area Transit,-0.775084979,south,12009,13,0.057017544,0.7,0.081453634,FL,Florida,FTA Region4,10,0.107,TRUE,0.039912281,5.294732065,5.375190935,4.512962328
9027,Fresno Area Express,0.21755545,west,6019,2,0.00877193,0.7,0.012531329,CA,California,FTA Region9,9,0.067,TRUE,0.006140351,5.280561729,5.446736303,4.882555288
9013,Santa Clara Valley Transportation Authority,1.598735372,west,6085,3,0.013157895,0.7,0.018796993,CA,California,FTA Region9,9,0.067,TRUE,0.009210526,5.295257894,5.430886777,4.813094385
9182,Altamont Corridor Express,-0.437858952,west,6077,4,0.01754386,0.7,0.025062657,CA,California,FTA Region9,9,0.067,TRUE,0.012280702,5.286320426,5.426670707,5.115100684
4030,Gainesville Regional Transit System,-0.249073905,south,12001,10,0.043859649,0.7,0.062656641,FL,Florida,FTA Region4,9,0.107,TRUE,0.030701754,5.290175972,5.425300104,5.042927034
4028,Lee County Transit,-0.334766458,south,12071,13,0.057017544,0.7,0.081453634,FL,Florida,FTA Region4,9,0.107,TRUE,0.039912281,5.285760973,5.377483085,5.286683705
9147,City of Los Angeles Department of Transportation,0.52060753,west,6037,6,0.026315789,0.7,0.037593984,CA,California,FTA Region9,8,0.067,TRUE,0.018421052,5.284859259,5.331414576,5.09677233
9090,Yolo County Transportation District,-0.766001109,west,6113,5,0.021929825,0.7,0.031328321,CA,California,FTA Region9,7,0.067,TRUE,0.015350877,5.29014962,5.364422105,4.904167586
9162,The Eastern Contra Costa Transit Authority,-0.321692468,west,6013,5,0.021929825,0.7,0.031328321,CA,California,FTA Region9,7,0.067,TRUE,0.015350877,5.282552761,5.359171168,4.309615019
5096,City of Waukesha Transit Commission,-0.893377488,midwest,55133,6,0.026315789,0.7,0.037593984,WI,Wisconsin,FTA Region5,7,0.12,TRUE,0.018421052,5.286226205,5.451168257,4.758127347
9003,San Francisco Bay Area Rapid Transit District,1.970242279,west,6001,6,0.026315789,0.7,0.037593984,CA,California,FTA Region9,7,0.067,TRUE,0.018421052,5.27788647,5.332996462,4.888614155
9171,Santa Clarita Transit,-0.307757119,west,6037,6,0.026315789,0.7,0.037593984,CA,California,FTA Region9,7,0.067,TRUE,0.018421052,5.293692832,5.392059199,4.368229578
9035,Gold Coast Transit,-0.453111128,west,6111,4,0.01754386,0.7,0.025062657,CA,California,FTA Region9,6,0.067,TRUE,0.012280702,5.271294961,5.343498592,4.422361855
9205,City of Elk Grove,-0.924289441,west,6067,5,0.021929825,0.7,0.031328321,CA,California,FTA Region9,6,0.067,TRUE,0.015350877,5.285128775,5.396680582,4.607159928
9144,Livermore / Amador Valley Transit Authority,-0.609953442,west,6001,6,0.026315789,0.7,0.037593984,CA,California,FTA Region9,6,0.067,TRUE,0.018421052,5.286447598,5.388015296,4.856093825
9146,Foothill Transit,0.430349712,west,6037,6,0.026315789,0.7,0.037593984,CA,California,FTA Region9,6,0.067,TRUE,0.018421052,5.275300547,5.358650761,4.560338687
4046,Sarasota County Area Transit,-0.293483515,south,12115,15,0.065789474,0.7,0.093984963,FL,Florida,FTA Region4,6,0.107,TRUE,0.046052632,5.284112318,5.346312703,4.422019987
9026,San Diego Metropolitan Transit System,1.293245815,west,6073,6,0.026315789,0.7,0.037593984,CA,California,FTA Region9,5,0.067,TRUE,0.018421052,5.288466765,5.35332531,4.932965396
9030,North County Transit District,0.586243821,west,6073,6,0.026315789,0.7,0.037593984,CA,California,FTA Region9,5,0.067,TRUE,0.018421052,5.284852202,5.355411641,4.991191897
5008,Milwaukee County Transit System,1.001819897,midwest,55079,8,0.035087719,0.7,0.050125313,WI,Wisconsin,FTA Region5,5,0.12,TRUE,0.024561403,5.286477954,5.474184168,5.256724678
9078,Central Contra Costa Transit Authority,-0.056138568,west,6013,5,0.021929825,0.7,0.031328321,CA,California,FTA Region9,4,0.067,TRUE,0.015350877,5.282615978,5.371391779,4.63320622
9004,Golden Empire Transit District,-0.194003115,west,6029,6,0.026315789,0.7,0.037593984,CA,California,FTA Region9,4,0.067,TRUE,0.018421052,5.282338751,5.364009578,5.028132959
9008,Santa Monica's Big Blue Bus,0.440444067,west,6037,6,0.026315789,0.7,0.037593984,CA,California,FTA Region9,4,0.067,TRUE,0.018421052,5.286051252,5.351113979,4.784229428
9148,Victor Valley Transit Authority,-0.637437211,west,6071,6,0.026315789,0.7,0.037593984,CA,California,FTA Region9,4,0.067,TRUE,0.018421052,5.276612906,5.345565196,4.813448753
4032,"County of Volusia, dba: VOTRAN",-0.380372258,south,12127,15,0.065789474,0.7,0.093984963,FL,Florida,FTA Region4,4,0.107,TRUE,0.046052632,5.295574987,5.377828856,5.16980683
9061,Yuba-Sutter Transit Authority,-1.16010371,west,6115,4,0.01754386,0.7,0.025062657,CA,California,FTA Region9,3,0.067,TRUE,0.012280702,5.279665648,5.40368712,4.950297913
9036,Orange County Transportation Authority,1.388811283,west,6059,5,0.021929825,0.7,0.031328321,CA,California,FTA Region9,3,0.067,TRUE,0.015350877,5.288891021,5.379525187,4.649116772
9014,Alameda-Contra Costa Transit District,1.544879528,west,6001,6,0.026315789,0.7,0.037593984,CA,California,FTA Region9,3,0.067,TRUE,0.018421052,5.272772787,5.363772856,4.38852538
9039,Culver City Municipal Bus Lines,-0.333612285,west,6037,6,0.026315789,0.7,0.037593984,CA,California,FTA Region9,3,0.067,TRUE,0.018421052,5.285356677,5.349925762,5.14886649
4035,Central Florida Regional Transportation Authority,0.84940236,south,12095,12,0.052631579,0.7,0.07518797,FL,Florida,FTA Region4,3,0.107,TRUE,0.036842105,5.289634343,5.366334218,4.931285052
9091,City of Visalia - Visalia City Coach,-0.942368487,west,6107,3,0.013157895,0.7,0.018796993,CA,California,FTA Region9,2,0.067,TRUE,0.009210526,5.292740598,5.393469964,4.41596391
9019,Sacramento Regional Transit District,0.967301238,west,6067,5,0.021929825,0.7,0.031328321,CA,California,FTA Region9,2,0.067,TRUE,0.015350877,5.291931383,5.400922003,4.941466476
9159,Western Contra Costa Transit Authority,-0.899844713,west,6013,5,0.021929825,0.7,0.031328321,CA,California,FTA Region9,2,0.067,TRUE,0.015350877,5.292009815,5.387701632,4.560588457
9206,San Luis Obispo Regional Transit Authority,-0.887497066,west,6079,7,0.030701754,0.7,0.043859649,CA,California,FTA Region9,2,0.067,TRUE,0.021491228,5.283875734,5.368817764,4.843288038
4040,Jacksonville Transportation Authority,0.616221016,south,12031,13,0.057017544,0.7,0.081453634,FL,Florida,FTA Region4,2,0.107,TRUE,0.039912281,5.284888486,5.373527302,5.08998053
4036,City of Tallahassee,-0.485188952,south,12073,15,0.065789474,0.7,0.093984963,FL,Florida,FTA Region4,2,0.107,TRUE,0.046052632,5.296002297,5.355962434,4.937470853
9164,Ventura Intercity Service Transit Authority,-0.908384867,west,6111,4,0.01754386,0.7,0.025062657,CA,California,FTA Region9,0,0.067,TRUE,0.012280702,5.290189258,5.407017404,4.767113752
9017,City of Santa Rosa,-0.727345244,west,6097,5,0.021929825,0.7,0.031328321,CA,California,FTA Region9,0,0.067,TRUE,0.015350877,5.286058355,5.374970194,5.013048661
9154,Los Angeles County Metropolitan Transportation Authority dba: Metro,2.551389826,west,6037,6,0.026315789,0.7,0.037593984,CA,California,FTA Region9,0,0.067,TRUE,0.018421052,5.287433649,5.361251578,4.281781537
5032,Mass Transportation Authority,-0.057776454,midwest,26049,3,0.013157895,0.72,0.018274854,MI,Michigan,FTA Region5,17,0.12,TRUE,0.009473684,5.28280056,5.549075588,5.07689849
5031,Suburban Mobility Authority for Regional Transportation,0.761663794,midwest,26163,4,0.01754386,0.72,0.024366472,MI,Michigan,FTA Region5,17,0.12,TRUE,0.012631579,5.29572185,5.510139069,4.669371825
5036,Capital Area Transportation Authority,0.138785386,midwest,26065,4,0.01754386,0.72,0.024366472,MI,Michigan,FTA Region5,15,0.12,TRUE,0.012631579,5.293389532,5.480243004,4.930378336
2098,Port Authority Trans-Hudson Corporation,1.615594973,northeast,34017,9,0.039473684,0.72,0.054824561,NJ,New Jersey,FTA Region2,14,0.125,TRUE,0.028421052,5.290417413,5.430473435,4.483438279
4019,Transit Authority of Northern Kentucky,-0.330489479,south,21117,7,0.030701754,0.72,0.042641325,KY,Kentucky,FTA Region4,13,0.107,TRUE,0.022105263,5.301234329,5.444217248,4.631749598
4018,Transit Authority of River City,0.519718522,south,21111,10,0.043859649,0.72,0.060916179,KY,Kentucky,FTA Region4,11,0.107,TRUE,0.031578947,5.279971322,5.385245116,4.875065746
6017,Central Oklahoma Transportation and Parking Authority,-0.234671573,south,40109,20,0.087719298,0.72,0.121832358,OK,Oklahoma,FTA Region6,11,0.107,TRUE,0.063157895,5.293573306,5.334654521,5.03295427
5148,Blue Water Area Transportation Commission,-0.792585456,midwest,26147,3,0.013157895,0.72,0.018274854,MI,Michigan,FTA Region5,10,0.12,TRUE,0.009473684,5.272084648,5.548492819,5.07170859
5033,Interurban Transit Partnership,0.139829371,midwest,26081,4,0.01754386,0.72,0.024366472,MI,Michigan,FTA Region5,8,0.12,TRUE,0.012631579,5.284272763,5.550153001,5.240636598
5040,Ann Arbor Transportation Authority,-0.05657495,midwest,26161,3,0.013157895,0.72,0.018274854,MI,Michigan,FTA Region5,5,0.12,TRUE,0.009473684,5.285488254,5.501891425,4.953497893
5035,Kalamazoo Metro Transit System,-0.629973829,midwest,26077,2,0.00877193,0.72,0.012183236,MI,Michigan,FTA Region5,4,0.12,TRUE,0.00631579,5.280898067,5.575680416,4.97671754
5141,Detroit Transportation Corporation,-0.695513588,midwest,26163,4,0.01754386,0.72,0.024366472,MI,Michigan,FTA Region5,4,0.12,TRUE,0.012631579,5.292200558,5.523194192,5.19492216
3083,"Transportation District Commission of Hampton Roads, dba: Hampton Roads Transit",0.654095484,south,51650,0,0,0.73,0,VA,Virginia,FTA Region3,19,0.107,TRUE,0,5.293309171,5.497498685,4.525486893
7002,Transit Authority of Omaha,-0.153885801,midwest,31055,10,0.043859649,0.73,0.060081711,NE,Nebraska,FTA Region7,17,0.12,TRUE,0.032017544,5.29109264,5.406960132,5.241474013
3091,Blacksburg Transit,-1.14562689,south,51121,8,0.035087719,0.73,0.048065368,VA,Virginia,FTA Region3,15,0.107,TRUE,0.025614035,5.296983344,5.423939927,4.81250179
3070,Potomac and Rappahannock Transportation Commission,-0.095805233,south,51153,10,0.043859649,0.73,0.060081711,VA,Virginia,FTA Region3,15,0.107,TRUE,0.032017544,5.290174535,5.423631706,5.030446027
3094,City of Harrisonburg Department of Public Transportation,-1.481519086,south,51660,0,0,0.73,0,VA,Virginia,FTA Region3,14,0.107,TRUE,0,5.291947043,5.584010118,4.740438273
3008,Greater Lynchburg Transit Company,-1.126725279,south,51680,5,0.021929825,0.73,0.030040856,VA,Virginia,FTA Region3,13,0.107,TRUE,0.016008772,5.277977364,5.459801534,4.548504875
7001,StarTran,-0.748864853,midwest,31109,6,0.026315789,0.73,0.036049026,NE,Nebraska,FTA Region7,12,0.12,TRUE,0.019210526,5.293943226,5.481281906,4.888877057
3073,Virginia Railway Express,0.447114536,south,51510,0,0,0.73,0,VA,Virginia,FTA Region3,12,0.107,TRUE,0,5.30200925,5.694648958,4.85890336
3080,Arlington Transit - Arlington County,-0.673477688,south,51013,11,0.048245614,0.73,0.066089882,VA,Virginia,FTA Region3,9,0.107,TRUE,0.035219298,5.29206106,5.390686191,5.006692827
3045,"JAUNT, Inc.",-1.218390791,south,51540,0,0,0.73,0,VA,Virginia,FTA Region3,7,0.107,TRUE,0,5.283957313,5.685134972,4.759896556
40,Central Puget Sound Regional Transit Authority,1.343412211,west,53033,10,0.043859649,0.74,0.059269796,WA,Washington,FTA Region10,18,0.067,TRUE,0.03245614,5.284343777,5.335124662,4.474220059
9219,Northern Arizona Intergovernmental Public Transportation Authority,-1.133724234,west,4005,5,0.021929825,0.74,0.029634899,AZ,Arizona,FTA Region9,12,0.067,TRUE,0.016228071,5.280965415,5.37136886,4.541353001
21,Whatcom Transportation Authority,-0.253651406,west,53073,6,0.026315789,0.74,0.035561877,WA,Washington,FTA Region10,10,0.067,TRUE,0.019473684,5.288674918,5.370948019,4.296086703
3,Pierce County Transportation Benefit Area Authority,0.762394199,west,53053,7,0.030701754,0.74,0.041488857,WA,Washington,FTA Region10,10,0.067,TRUE,0.022719298,5.286083771,5.325138824,4.800672211
6,Yakima Transit,-0.972941601,west,53077,3,0.013157895,0.74,0.017780939,WA,Washington,FTA Region10,9,0.067,TRUE,0.009736842,5.291280486,5.412152325,4.889468851
1,King County Department of Transportation - Metro Transit Division,1.998703132,west,53033,10,0.043859649,0.74,0.059269796,WA,Washington,FTA Region10,9,0.067,TRUE,0.03245614,5.278748032,5.302455782,4.337221629
9172,City of Tempe Transit Division - dba Valley Metro,0.046451654,west,4013,4,0.01754386,0.74,0.023707919,AZ,Arizona,FTA Region9,8,0.067,TRUE,0.012982456,5.285448484,5.369065353,5.10580179
19,Intercity Transit,-0.015799129,west,53067,8,0.035087719,0.74,0.047415836,WA,Washington,FTA Region10,8,0.067,TRUE,0.025964912,5.276953981,5.334244767,4.799842031
23,City of Seattle - Seattle Center Monorail Transit,-1.554091495,west,53033,10,0.043859649,0.74,0.059269796,WA,Washington,FTA Region10,7,0.067,TRUE,0.03245614,5.264826612,5.29046524,4.521260198
9033,City of Tucson,0.504062491,west,4019,2,0.00877193,0.74,0.011853959,AZ,Arizona,FTA Region9,6,0.067,TRUE,0.006491228,5.286534243,5.413972553,5.070910025
24,Clark County Public Transportation Benefit Area Authority,0.140969377,west,53011,5,0.021929825,0.74,0.029634899,WA,Washington,FTA Region10,6,0.067,TRUE,0.016228071,5.280754929,5.39918662,4.853465857
20,Kitsap Transit,-0.058170139,west,53035,4,0.01754386,0.74,0.023707919,WA,Washington,FTA Region10,5,0.067,TRUE,0.012982456,5.27814375,5.386271629,5.190406817
5,Everett Transit,-0.37558583,west,53061,11,0.048245614,0.74,0.065196776,WA,Washington,FTA Region10,5,0.067,TRUE,0.035701754,5.283228855,5.306763772,4.65031029
5104,Northern Indiana Commuter Transportation District,0.134790269,midwest,18127,7,0.030701754,0.76,0.040397045,IN,Indiana,FTA Region5,18,0.12,TRUE,0.023333333,5.272881402,5.463018502,4.646591856
5051,Greater Lafayette Public Transportation Corporation,-0.774069584,midwest,18157,7,0.030701754,0.76,0.040397045,IN,Indiana,FTA Region5,16,0.12,TRUE,0.023333333,5.29258023,5.469599388,4.832765241
5050,Indianapolis and Marion County Public Transportation,0.3934581,midwest,18097,11,0.048245614,0.76,0.063481071,IN,Indiana,FTA Region5,14,0.12,TRUE,0.036666667,5.285238583,5.385960086,4.548897392
5044,Fort Wayne Public Transportation Corporation,-0.717246025,midwest,18003,9,0.039473684,0.76,0.051939058,IN,Indiana,FTA Region5,11,0.12,TRUE,0.03,5.290647661,5.45963516,4.61480935
5052,South Bend Public Transportation Corporation,-0.813976478,midwest,18141,8,0.035087719,0.76,0.046168051,IN,Indiana,FTA Region5,8,0.12,TRUE,0.026666666,5.287958149,5.44122809,4.74478985
5154,Metropolitan Council,0.455750596,midwest,27123,7,0.030701754,0.78,0.039361223,MN,Minnesota,FTA Region5,11,0.12,TRUE,0.023947368,5.279077112,5.50013019,4.562060009
1003,Massachusetts Bay Transportation Authority,2.60592746,northeast,25025,18,0.078947368,0.79,0.099933377,MA,Massachusetts,FTA Region1,20,0.125,TRUE,0.062368421,5.295530424,5.377652223,4.699703067
3022,Port Authority of Allegheny County,1.597812332,northeast,42003,6,0.026315789,0.79,0.033311125,PA,Pennsylvania,FTA Region3,16,0.125,TRUE,0.020789473,5.282278524,5.521315429,4.513486561
1013,Merrimack Valley Regional Transit Authority,-0.569039697,northeast,25009,22,0.096491228,0.79,0.122140795,MA,Massachusetts,FTA Region1,16,0.125,TRUE,0.07622807,5.291741789,5.324474689,5.024355822
3018,Red Rose Transit Authority,-0.474664028,northeast,42071,11,0.048245614,0.79,0.061070397,PA,Pennsylvania,FTA Region3,15,0.125,TRUE,0.038114035,5.286533665,5.408637678,4.859590604
3019,Southeastern Pennsylvania Transportation Authority,2.412206328,northeast,42101,14,0.061403509,0.79,0.077725961,PA,Pennsylvania,FTA Region3,15,0.125,TRUE,0.048508772,5.290462774,5.419441749,4.5201589
3012,Cambria County Transit Authority,-0.86993865,northeast,42021,7,0.030701754,0.79,0.03886298,PA,Pennsylvania,FTA Region3,14,0.125,TRUE,0.024254386,5.301286601,5.456360075,4.738129005
3015,Luzerne County Transportation Authority,-0.734541879,northeast,42079,11,0.048245614,0.79,0.061070397,PA,Pennsylvania,FTA Region3,14,0.125,TRUE,0.038114035,5.296989643,5.425130303,5.215981691
1064,Greater Attleboro-Taunton Regional Transit Authority,-0.6315112,northeast,25005,17,0.074561404,0.79,0.094381524,MA,Massachusetts,FTA Region1,14,0.125,TRUE,0.058903509,5.300462476,5.367814211,5.138747222
3023,Beaver County Transit Authority,-1.070938675,northeast,42007,5,0.021929825,0.79,0.027759272,PA,Pennsylvania,FTA Region3,13,0.125,TRUE,0.017324562,5.277083805,5.489548293,5.233879109
3027,York County Transportation Authority,-0.510421352,northeast,42133,10,0.043859649,0.79,0.055518543,PA,Pennsylvania,FTA Region3,13,0.125,TRUE,0.034649123,5.282147679,5.411595061,4.840747013
3025,County of Lackawanna Transit System,-0.775529702,northeast,42069,11,0.048245614,0.79,0.061070397,PA,Pennsylvania,FTA Region3,12,0.125,TRUE,0.038114035,5.288142081,5.410805971,4.594183191
3013,Erie Metropolitan Transit Authority,-0.439939589,northeast,42049,4,0.01754386,0.79,0.022207418,PA,Pennsylvania,FTA Region3,11,0.125,TRUE,0.013859649,5.283992013,5.554149307,5.127518352
1008,Pioneer Valley Transit Authority,0.094663571,northeast,25013,16,0.070175439,0.79,0.08882967,MA,Massachusetts,FTA Region1,11,0.125,TRUE,0.055438597,5.281202459,5.365736336,5.050533622
3044,Westmoreland County Transit Authority,-1.188733606,northeast,42129,7,0.030701754,0.79,0.03886298,PA,Pennsylvania,FTA Region3,10,0.125,TRUE,0.024254386,5.274703512,5.47190189,4.405480001
3010,Lehigh and Northampton Transportation Authority,-0.036916005,northeast,42077,9,0.039473684,0.79,0.049966689,PA,Pennsylvania,FTA Region3,8,0.125,TRUE,0.03118421,5.287110264,5.454257907,5.00497705
3024,Berks Area Reading Transportation Authority,-0.503429971,northeast,42011,11,0.048245614,0.79,0.061070397,PA,Pennsylvania,FTA Region3,8,0.125,TRUE,0.038114035,5.293172613,5.419746974,4.874011418
1061,Montachusett Regional Transit Authority,-0.616995928,northeast,25027,20,0.087719298,0.79,0.111037086,MA,Massachusetts,FTA Region1,6,0.125,TRUE,0.069298245,5.277801238,5.335648114,4.583776913
3054,Centre Area Transportation Authority,-0.62650208,northeast,42027,7,0.030701754,0.79,0.03886298,PA,Pennsylvania,FTA Region3,4,0.125,TRUE,0.024254386,5.287193611,5.468637392,4.686801432
4001,Chattanooga Area Regional Transportation Authority,-0.413900211,south,47065,6,0.026315789,0.8,0.032894736,TN,Tennessee,FTA Region4,16,0.107,TRUE,0.021052631,5.301882704,5.42621527,4.430909959
4004,Metropolitan Transit Authority,0.397581965,south,47037,7,0.030701754,0.8,0.038377193,TN,Tennessee,FTA Region4,12,0.107,TRUE,0.024561403,5.291673874,5.475803444,4.391259831
4003,Memphis Area Transit Authority,0.322781947,south,47157,13,0.057017544,0.8,0.07127193,TN,Tennessee,FTA Region4,12,0.107,TRUE,0.045614035,5.285130992,5.361671649,4.464710824
4002,Knoxville Area Transit,-0.321304152,south,47093,7,0.030701754,0.8,0.038377193,TN,Tennessee,FTA Region4,6,0.107,TRUE,0.024561403,5.284103506,5.43060029,4.448605817
3075,Delaware Transit Corporation,0.829258829,northeast,10001,8,0.035087719,0.82,0.042789901,DE,Delaware,FTA Region3,10,0.125,TRUE,0.02877193,5.293282404,5.493613176,5.235375934
6024,Shreveport Area Transit System,-0.579595041,south,22017,11,0.048245614,0.84,0.057435255,LA,Louisiana,FTA Region6,10,0.107,TRUE,0.040526316,5.309571056,5.396531195,4.807291903
6022,Capital Area Transit System,-0.474095387,south,22033,15,0.065789474,0.84,0.078320802,LA,Louisiana,FTA Region6,7,0.107,TRUE,0.055263158,5.302330375,5.371218326,4.524615505
8005,Mountain Metropolitan Transit,-0.508453009,west,8041,6,0.026315789,0.86,0.030599755,CO,Colorado,FTA Region8,12,0.067,TRUE,0.022631579,5.288358785,5.340870216,4.988650919
8006,Denver Regional Transportation District,1.847711937,west,8031,6,0.026315789,0.86,0.030599755,CO,Colorado,FTA Region8,10,0.067,TRUE,0.022631579,5.291779501,5.414312986,4.846088249
8011,Transfort,-0.898317413,west,8069,6,0.026315789,0.86,0.030599755,CO,Colorado,FTA Region8,10,0.067,TRUE,0.022631579,5.278332341,5.389980066,4.935246841
25,Salem Area Mass Transit District,-0.014752278,west,41047,4,0.01754386,0.88,0.019936205,OR,Oregon,FTA Region10,9,0.067,TRUE,0.015438597,5.276915522,5.383762463,5.184818929
3030,Washington Metropolitan Area Transit Authority,2.614495288,south,11001,14,0.061403509,0.88,0.069776715,DC,District of Columbia,FTA Region3,7,0.107,TRUE,0.054035088,5.298429091,5.390583275,4.735784599
7,Lane Transit District,0.196178393,west,41039,7,0.030701754,0.88,0.034888357,OR,Oregon,FTA Region10,6,0.067,TRUE,0.027017544,5.278468816,5.337713295,4.529013665
3001,Kanawha Valley Regional Transportation Authority,-0.705518447,south,54039,17,0.074561404,0.94,0.079320643,WV,West Virginia,FTA Region3,19,0.107,TRUE,0.07008772,5.282897879,5.336063226,4.713817383
