"","meanRIskThreshold","scanningRange","numWindows","badImpact","impactReductionRate","maxCopingReduction","adaptationCost","capBoost","simTicks","minNeighbor","param_set_id","copingNum","adaptNum","insufBoost","disasterWindows","windowMissed","windowsOpen","noSolution","utilizedWindows","NeededWidows","notNeeded","run_id","run_duration"
"1",0.4,4,8.26279850420542,0.08,0.25,0.4,6.5,2.5,1000,1,1,130,34,135,267,451,610,2,22,22,12,1,35.5084249973297
"2",0.4,4,8.26279850420542,0.08,0.25,0.4,6.5,2.5,1000,1,1,138,28,159,288,579,766,4,24,24,4,3,28.8152055740356
"3",0.4,4,8.26279850420542,0.08,0.25,0.4,6.5,2.5,1000,1,1,139,36,133,258,533,711,18,27,27,9,5,20.645712852478
"4",0.4,4,8.26279850420542,0.08,0.25,0.4,6.5,2.5,1000,1,1,129,32,168,291,484,682,8,22,22,10,7,14.3735575675964
"5",0.4,4,8.26279850420542,0.08,0.25,0.4,6.5,2.5,1000,1,1,126,30,160,293,529,723,10,24,24,6,20,9.29627132415771
"6",0.4,4,8.26279850420542,0.08,0.25,0.4,6.5,2.5,1000,1,1,125,25,149,263,487,672,13,23,23,2,14,16.8346154689789
"7",0.4,4,8.26279850420542,0.08,0.25,0.4,6.5,2.5,1000,1,1,132,34,189,295,513,739,10,27,27,7,8,19.451488494873
"8",0.4,4,8.26279850420542,0.08,0.25,0.4,6.5,2.5,1000,1,1,138,27,148,307,528,707,9,22,22,5,2,21.5817260742188
"9",0.4,4,8.26279850420542,0.08,0.25,0.4,6.5,2.5,1000,1,1,127,37,187,278,505,726,5,29,29,8,4,14.7575385570526
"10",0.4,4,8.26279850420542,0.08,0.25,0.4,6.5,2.5,1000,1,1,129,28,161,310,496,698,14,27,27,1,6,14.4157106876373
"11",0.4,4,8.26279850420542,0.08,0.25,0.4,6.5,2.5,1000,1,1,129,30,142,270,528,703,7,26,26,4,11,14.5109424591064
"12",0.4,4,8.26279850420542,0.08,0.25,0.4,6.5,2.5,1000,1,1,142,20,185,278,569,783,12,17,17,3,21,14.1189048290253
"13",0.4,4,8.26279850420542,0.08,0.25,0.4,6.5,2.5,1000,1,1,124,25,170,291,542,749,15,22,22,3,15,14.3909258842468
"14",0.4,4,8.26279850420542,0.08,0.25,0.4,6.5,2.5,1000,1,1,134,29,164,286,488,687,11,24,24,5,9,12.8829927444458
"15",0.4,4,8.26279850420542,0.08,0.25,0.4,6.5,2.5,1000,1,1,134,34,135,274,492,657,6,24,24,10,22,13.5919063091278
"16",0.4,4,8.26279850420542,0.08,0.25,0.4,6.5,2.5,1000,1,1,139,40,140,288,481,651,2,28,28,12,13,16.2220466136932
"17",0.4,4,8.26279850420542,0.08,0.25,0.4,6.5,2.5,1000,1,1,132,41,152,299,440,634,11,31,31,10,10,13.4174971580505
"18",0.4,4,8.26279850420542,0.08,0.25,0.4,6.5,2.5,1000,1,1,140,51,72,262,467,577,0,38,38,13,12,15.3280084133148
"19",0.4,4,8.26279850420542,0.08,0.25,0.4,6.5,2.5,1000,1,1,143,37,162,245,509,706,7,28,28,9,17,37.5746650695801
"20",0.4,4,8.26279850420542,0.08,0.25,0.4,6.5,2.5,1000,1,1,122,23,161,283,502,695,12,20,20,3,16,29.82750415802
"21",0.4,4,8.26279850420542,0.08,0.25,0.4,6.5,2.5,1000,1,1,130,39,158,258,433,621,0,30,30,9,24,18.655157327652
"22",0.4,4,8.26279850420542,0.08,0.25,0.4,6.5,2.5,1000,1,1,133,39,107,281,470,607,3,27,27,12,23,12.9345192909241
"23",0.4,4,8.26279850420542,0.08,0.25,0.4,6.5,2.5,1000,1,1,133,29,157,287,454,647,8,28,28,1,19,15.9221434593201
"24",0.4,4,8.26279850420542,0.08,0.25,0.4,6.5,2.5,1000,1,1,135,36,119,287,505,659,4,31,31,5,18,18.9794254302979
"25",0.4,4,8.26279850420542,0.08,0.25,0.4,6.5,2.5,1000,1,1,139,26,134,294,568,737,12,23,23,3,25,19.0781588554382
"26",0.4,4,1.65472060558386,0.08,0.25,0.4,6.5,2.5,1000,1,2,139,8,18,277,60,94,13,3,3,5,6,17.0823748111725
"27",0.4,4,1.65472060558386,0.08,0.25,0.4,6.5,2.5,1000,1,2,129,6,13,239,65,89,6,5,5,1,5,16.073723077774
"28",0.4,4,1.65472060558386,0.08,0.25,0.4,6.5,2.5,1000,1,2,132,8,19,282,64,87,2,2,2,6,4,14.2183818817139
"29",0.4,4,1.65472060558386,0.08,0.25,0.4,6.5,2.5,1000,1,2,134,7,22,282,77,106,4,3,3,4,8,13.4499242305756
"30",0.4,4,1.65472060558386,0.08,0.25,0.4,6.5,2.5,1000,1,2,134,17,21,288,71,105,5,8,8,9,7,9.93769431114197
"31",0.4,4,1.65472060558386,0.08,0.25,0.4,6.5,2.5,1000,1,2,135,7,18,284,74,103,4,7,7,0,15,15.0197732448578
"32",0.4,4,1.65472060558386,0.08,0.25,0.4,6.5,2.5,1000,1,2,122,5,24,269,66,100,6,4,4,1,14,15.2543790340424
"33",0.4,4,1.65472060558386,0.08,0.25,0.4,6.5,2.5,1000,1,2,127,13,25,278,57,93,3,8,8,5,3,13.9597108364105
"34",0.4,4,1.65472060558386,0.08,0.25,0.4,6.5,2.5,1000,1,2,132,10,15,292,69,94,4,6,6,4,21,10.8309481143951
"35",0.4,4,1.65472060558386,0.08,0.25,0.4,6.5,2.5,1000,1,2,140,20,15,295,71,97,1,10,10,10,2,13.3192367553711
"36",0.4,4,1.65472060558386,0.08,0.25,0.4,6.5,2.5,1000,1,2,133,20,35,312,53,94,0,6,6,14,9,14.5994656085968
"37",0.4,4,1.65472060558386,0.08,0.25,0.4,6.5,2.5,1000,1,2,131,5,19,309,78,105,3,5,5,0,22,43.5872855186462
"38",0.4,4,1.65472060558386,0.08,0.25,0.4,6.5,2.5,1000,1,2,134,14,19,267,62,91,4,6,6,8,16,32.2058820724487
"39",0.4,4,1.65472060558386,0.08,0.25,0.4,6.5,2.5,1000,1,2,144,22,16,290,56,86,4,10,10,12,10,22.1422412395477
"40",0.4,4,1.65472060558386,0.08,0.25,0.4,6.5,2.5,1000,1,2,137,9,15,289,63,83,1,4,4,5,20,15.9950473308563
"41",0.4,4,1.65472060558386,0.08,0.25,0.4,6.5,2.5,1000,1,2,133,3,24,277,67,102,9,2,2,1,1,19.6210870742798
"42",0.4,4,1.65472060558386,0.08,0.25,0.4,6.5,2.5,1000,1,2,135,16,13,271,66,88,0,9,9,7,11,28.9272701740265
"43",0.4,4,1.65472060558386,0.08,0.25,0.4,6.5,2.5,1000,1,2,133,16,23,265,76,107,4,4,4,12,13,19.4500291347504
"44",0.4,4,1.65472060558386,0.08,0.25,0.4,6.5,2.5,1000,1,2,121,10,24,290,62,89,2,1,1,9,23,19.6446318626404
"45",0.4,4,1.65472060558386,0.08,0.25,0.4,6.5,2.5,1000,1,2,133,25,17,327,67,93,1,8,8,17,17,16.2585864067078
"46",0.4,4,1.65472060558386,0.08,0.25,0.4,6.5,2.5,1000,1,2,132,16,27,261,66,100,2,5,5,11,25,16.2642343044281
"47",0.4,4,1.65472060558386,0.08,0.25,0.4,6.5,2.5,1000,1,2,134,5,18,288,65,99,11,5,5,0,24,17.0012435913086
"48",0.4,4,1.65472060558386,0.08,0.25,0.4,6.5,2.5,1000,1,2,134,22,17,279,52,75,1,5,5,17,18,18.3437044620514
"49",0.4,4,1.65472060558386,0.08,0.25,0.4,6.5,2.5,1000,1,2,141,8,12,273,71,88,2,3,3,5,12,18.5450568199158
"50",0.4,4,1.65472060558386,0.08,0.25,0.4,6.5,2.5,1000,1,2,125,20,17,258,74,100,1,8,8,12,19,15.1384334564209
"51",0.4,4,7.0239718973171,0.08,0.25,0.4,6.5,2.5,1000,1,3,131,28,117,275,434,575,6,18,18,10,1,14.6183288097382
"52",0.4,4,7.0239718973171,0.08,0.25,0.4,6.5,2.5,1000,1,3,130,33,165,261,446,638,2,25,25,8,13,12.9465239048004
"53",0.4,4,7.0239718973171,0.08,0.25,0.4,6.5,2.5,1000,1,3,123,24,148,248,437,604,1,18,18,6,2,10.1530754566193
"54",0.4,4,7.0239718973171,0.08,0.25,0.4,6.5,2.5,1000,1,3,129,44,109,277,451,591,2,29,29,15,4,9.49678206443787
"55",0.4,4,7.0239718973171,0.08,0.25,0.4,6.5,2.5,1000,1,3,123,36,122,294,403,556,3,28,28,8,3,39.1919989585876
"56",0.4,4,7.0239718973171,0.08,0.25,0.4,6.5,2.5,1000,1,3,124,29,135,244,418,583,13,17,17,12,16,32.6512432098389
"57",0.4,4,7.0239718973171,0.08,0.25,0.4,6.5,2.5,1000,1,3,130,29,127,269,451,598,2,18,18,11,5,22.1888763904572
"58",0.4,4,7.0239718973171,0.08,0.25,0.4,6.5,2.5,1000,1,3,138,30,115,282,455,603,10,23,23,7,12,17.7280011177063
"59",0.4,4,7.0239718973171,0.08,0.25,0.4,6.5,2.5,1000,1,3,134,38,103,278,407,547,9,28,28,10,14,14.161012172699
"60",0.4,4,7.0239718973171,0.08,0.25,0.4,6.5,2.5,1000,1,3,126,30,175,288,448,654,7,24,24,6,11,27.8862750530243
"61",0.4,4,7.0239718973171,0.08,0.25,0.4,6.5,2.5,1000,1,3,142,26,100,267,445,567,1,21,21,5,21,20.5638329982758
"62",0.4,4,7.0239718973171,0.08,0.25,0.4,6.5,2.5,1000,1,3,134,35,138,287,412,578,1,27,27,8,15,17.4105448722839
"63",0.4,4,7.0239718973171,0.08,0.25,0.4,6.5,2.5,1000,1,3,138,26,125,271,489,680,43,23,23,3,17,14.770174741745
"64",0.4,4,7.0239718973171,0.08,0.25,0.4,6.5,2.5,1000,1,3,140,31,120,294,450,610,16,24,24,7,6,15.3707530498505
"65",0.4,4,7.0239718973171,0.08,0.25,0.4,6.5,2.5,1000,1,3,128,20,144,274,382,554,10,18,18,2,8,16.2755296230316
"66",0.4,4,7.0239718973171,0.08,0.25,0.4,6.5,2.5,1000,1,3,130,40,116,261,471,618,3,28,28,12,10,16.7293953895569
"67",0.4,4,7.0239718973171,0.08,0.25,0.4,6.5,2.5,1000,1,3,138,29,171,283,438,644,11,24,24,5,20,17.0426933765411
"68",0.4,4,7.0239718973171,0.08,0.25,0.4,6.5,2.5,1000,1,3,126,26,128,325,459,617,8,22,22,4,22,17.288804769516
"69",0.4,4,7.0239718973171,0.08,0.25,0.4,6.5,2.5,1000,1,3,145,35,151,306,412,592,6,23,23,12,24,18.7506229877472
"70",0.4,4,7.0239718973171,0.08,0.25,0.4,6.5,2.5,1000,1,3,135,17,154,269,526,722,27,15,15,2,18,15.9256498813629
"71",0.4,4,7.0239718973171,0.08,0.25,0.4,6.5,2.5,1000,1,3,121,37,125,274,421,578,3,29,29,8,7,11.9364776611328
"72",0.4,4,7.0239718973171,0.08,0.25,0.4,6.5,2.5,1000,1,3,135,35,135,259,411,577,7,24,24,11,9,42.8339600563049
"73",0.4,4,7.0239718973171,0.08,0.25,0.4,6.5,2.5,1000,1,3,127,36,141,281,429,596,0,26,26,10,19,26.6533203125
"74",0.4,4,7.0239718973171,0.08,0.25,0.4,6.5,2.5,1000,1,3,126,30,151,266,441,635,18,25,25,5,23,19.3846783638
"75",0.4,4,7.0239718973171,0.08,0.25,0.4,6.5,2.5,1000,1,3,137,22,158,290,459,644,8,19,19,3,25,14.229368686676
"76",0.4,4,6.16070844046772,0.08,0.25,0.4,6.5,2.5,1000,1,4,130,22,135,286,353,515,11,16,16,6,11,16.5509669780731
"77",0.4,4,6.16070844046772,0.08,0.25,0.4,6.5,2.5,1000,1,4,134,19,159,310,414,612,21,18,18,1,9,33.2033398151398
"78",0.4,4,6.16070844046772,0.08,0.25,0.4,6.5,2.5,1000,1,4,129,20,120,288,419,569,16,14,14,6,6,22.0181336402893
"79",0.4,4,6.16070844046772,0.08,0.25,0.4,6.5,2.5,1000,1,4,127,25,159,306,376,557,1,21,21,4,8,19.0342705249786
"80",0.4,4,6.16070844046772,0.08,0.25,0.4,6.5,2.5,1000,1,4,127,45,131,290,372,537,3,31,31,14,10,13.2428104877472
"81",0.4,4,6.16070844046772,0.08,0.25,0.4,6.5,2.5,1000,1,4,133,32,100,279,365,492,6,21,21,11,12,15.9288988113403
"82",0.4,4,6.16070844046772,0.08,0.25,0.4,6.5,2.5,1000,1,4,135,24,114,291,381,531,12,24,24,0,1,13.8808286190033
"83",0.4,4,6.16070844046772,0.08,0.25,0.4,6.5,2.5,1000,1,4,136,39,81,252,379,488,2,26,26,13,3,14.0509440898895
"84",0.4,4,6.16070844046772,0.08,0.25,0.4,6.5,2.5,1000,1,4,130,21,133,280,408,582,21,20,20,1,5,16.0966186523438
"85",0.4,4,6.16070844046772,0.08,0.25,0.4,6.5,2.5,1000,1,4,127,36,95,305,380,514,7,32,32,4,7,17.9698901176453
"86",0.4,4,6.16070844046772,0.08,0.25,0.4,6.5,2.5,1000,1,4,141,33,119,299,361,513,6,27,27,6,22,18.3351564407349
"87",0.4,4,6.16070844046772,0.08,0.25,0.4,6.5,2.5,1000,1,4,138,24,129,290,408,570,10,23,23,1,24,16.9191143512726
"88",0.4,4,6.16070844046772,0.08,0.25,0.4,6.5,2.5,1000,1,4,135,18,130,280,355,507,5,17,17,1,13,12.8495481014252
"89",0.4,4,6.16070844046772,0.08,0.25,0.4,6.5,2.5,1000,1,4,136,21,110,308,391,532,10,21,21,0,2,11.3455638885498
"90",0.4,4,6.16070844046772,0.08,0.25,0.4,6.5,2.5,1000,1,4,123,29,139,261,368,527,1,19,19,10,4,37.4428610801697
"91",0.4,4,6.16070844046772,0.08,0.25,0.4,6.5,2.5,1000,1,4,124,33,105,290,393,534,7,29,29,4,19,28.4239988327026
"92",0.4,4,6.16070844046772,0.08,0.25,0.4,6.5,2.5,1000,1,4,134,39,106,301,380,516,4,26,26,13,21,14.3254854679108
"93",0.4,4,6.16070844046772,0.08,0.25,0.4,6.5,2.5,1000,1,4,131,35,107,273,343,482,4,28,28,7,23,14.0743947029114
"94",0.4,4,6.16070844046772,0.08,0.25,0.4,6.5,2.5,1000,1,4,141,28,123,273,384,532,6,19,19,9,25,14.8896102905273
"95",0.4,4,6.16070844046772,0.08,0.25,0.4,6.5,2.5,1000,1,4,136,37,108,251,399,533,0,26,26,11,14,23.3735644817352
"96",0.4,4,6.16070844046772,0.08,0.25,0.4,6.5,2.5,1000,1,4,139,39,131,275,407,569,0,31,31,8,16,22.9796395301819
"97",0.4,4,6.16070844046772,0.08,0.25,0.4,6.5,2.5,1000,1,4,132,25,130,283,363,526,9,24,24,1,18,14.989551782608
"98",0.4,4,6.16070844046772,0.08,0.25,0.4,6.5,2.5,1000,1,4,132,35,87,262,365,475,0,23,23,12,20,14.3593020439148
"99",0.4,4,6.16070844046772,0.08,0.25,0.4,6.5,2.5,1000,1,4,130,20,131,277,363,516,3,19,19,1,17,14.1871724128723
"100",0.4,4,6.16070844046772,0.08,0.25,0.4,6.5,2.5,1000,1,4,128,22,117,291,368,508,5,18,18,4,15,13.4691684246063
"101",0.4,4,4.75539069366641,0.08,0.25,0.4,6.5,2.5,1000,1,5,134,31,60,294,270,356,7,19,19,12,9,13.8124363422394
"102",0.4,4,4.75539069366641,0.08,0.25,0.4,6.5,2.5,1000,1,5,138,19,83,273,260,370,12,15,15,4,11,14.3113493919373
"103",0.4,4,4.75539069366641,0.08,0.25,0.4,6.5,2.5,1000,1,5,126,40,77,318,228,341,6,30,30,10,7,14.9242134094238
"104",0.4,4,4.75539069366641,0.08,0.25,0.4,6.5,2.5,1000,1,5,137,25,78,287,240,341,5,18,18,7,4,15.0968234539032
"105",0.4,4,4.75539069366641,0.08,0.25,0.4,6.5,2.5,1000,1,5,135,19,49,284,285,354,9,11,11,8,6,15.2731356620789
"106",0.4,4,4.75539069366641,0.08,0.25,0.4,6.5,2.5,1000,1,5,141,17,93,280,247,362,6,16,16,1,8,15.610274553299
"107",0.4,4,4.75539069366641,0.08,0.25,0.4,6.5,2.5,1000,1,5,134,30,79,252,247,342,2,14,14,16,10,13.1610951423645
"108",0.4,4,4.75539069366641,0.08,0.25,0.4,6.5,2.5,1000,1,5,128,37,84,288,229,339,4,22,22,15,12,40.6106753349304
"109",0.4,4,4.75539069366641,0.08,0.25,0.4,6.5,2.5,1000,1,5,136,22,75,301,288,378,3,12,12,10,1,23.6206369400024
"110",0.4,4,4.75539069366641,0.08,0.25,0.4,6.5,2.5,1000,1,5,132,28,78,311,229,322,0,15,15,13,3,18.2209455966949
"111",0.4,4,4.75539069366641,0.08,0.25,0.4,6.5,2.5,1000,1,5,123,15,76,266,287,391,17,11,11,4,5,15.1824288368225
"112",0.4,4,4.75539069366641,0.08,0.25,0.4,6.5,2.5,1000,1,5,130,42,71,303,248,344,1,24,24,18,20,14.9709117412567
"113",0.4,4,4.75539069366641,0.08,0.25,0.4,6.5,2.5,1000,1,5,132,29,80,317,272,376,4,20,20,9,22,24.9094521999359
"114",0.4,4,4.75539069366641,0.08,0.25,0.4,6.5,2.5,1000,1,5,139,24,70,251,291,389,9,19,19,5,24,19.4402441978455
"115",0.4,4,4.75539069366641,0.08,0.25,0.4,6.5,2.5,1000,1,5,135,18,80,287,269,385,21,15,15,3,13,17.8718807697296
"116",0.4,4,4.75539069366641,0.08,0.25,0.4,6.5,2.5,1000,1,5,136,35,79,290,239,351,5,28,28,7,2,13.4698348045349
"117",0.4,4,4.75539069366641,0.08,0.25,0.4,6.5,2.5,1000,1,5,133,24,66,294,258,347,9,14,14,10,17,14.1489732265472
"118",0.4,4,4.75539069366641,0.08,0.25,0.4,6.5,2.5,1000,1,5,123,17,120,285,270,417,11,16,16,1,19,11.4764311313629
"119",0.4,4,4.75539069366641,0.08,0.25,0.4,6.5,2.5,1000,1,5,140,22,70,279,242,336,7,17,17,5,21,13.1162390708923
"120",0.4,4,4.75539069366641,0.08,0.25,0.4,6.5,2.5,1000,1,5,130,31,81,270,242,348,4,21,21,10,23,15.7747073173523
"121",0.4,4,4.75539069366641,0.08,0.25,0.4,6.5,2.5,1000,1,5,128,15,83,282,250,361,16,12,12,3,25,15.5289852619171
"122",0.4,4,4.75539069366641,0.08,0.25,0.4,6.5,2.5,1000,1,5,139,37,73,267,275,374,0,26,26,11,14,19.2824454307556
"123",0.4,4,4.75539069366641,0.08,0.25,0.4,6.5,2.5,1000,1,5,135,24,71,281,252,358,17,18,18,6,16,17.7925670146942
"124",0.4,4,4.75539069366641,0.08,0.25,0.4,6.5,2.5,1000,1,5,133,35,67,255,254,351,4,26,26,9,18,18.03817486763
"125",0.4,4,4.75539069366641,0.08,0.25,0.4,6.5,2.5,1000,1,5,136,22,66,280,266,359,11,16,16,6,15,12.451562166214
"126",0.4,4,3.62759042205289,0.08,0.25,0.4,6.5,2.5,1000,1,6,126,13,75,262,207,297,4,11,11,2,7,38.7383387088776
"127",0.4,4,3.62759042205289,0.08,0.25,0.4,6.5,2.5,1000,1,6,146,10,72,270,223,319,15,9,9,1,9,27.7761270999908
"128",0.4,4,3.62759042205289,0.08,0.25,0.4,6.5,2.5,1000,1,6,139,14,64,289,198,283,12,9,9,5,11,18.2044486999512
"129",0.4,4,3.62759042205289,0.08,0.25,0.4,6.5,2.5,1000,1,6,127,22,53,271,185,257,4,15,15,7,5,7.99702668190002
"130",0.4,4,3.62759042205289,0.08,0.25,0.4,6.5,2.5,1000,1,6,129,12,59,266,192,272,11,10,10,2,2,15.1110451221466
"131",0.4,4,3.62759042205289,0.08,0.25,0.4,6.5,2.5,1000,1,6,127,29,51,266,178,243,1,13,13,16,4,22.5470597743988
"132",0.4,4,3.62759042205289,0.08,0.25,0.4,6.5,2.5,1000,1,6,147,11,61,282,204,286,11,10,10,1,6,21.2665593624115
"133",0.4,4,3.62759042205289,0.08,0.25,0.4,6.5,2.5,1000,1,6,155,13,75,268,194,297,17,11,11,2,8,19.0985345840454
"134",0.4,4,3.62759042205289,0.08,0.25,0.4,6.5,2.5,1000,1,6,139,17,66,230,217,298,5,10,10,7,10,14.8118510246277
"135",0.4,4,3.62759042205289,0.08,0.25,0.4,6.5,2.5,1000,1,6,126,20,51,269,210,283,11,11,11,9,12,15.8248362541199
"136",0.4,4,3.62759042205289,0.08,0.25,0.4,6.5,2.5,1000,1,6,125,19,69,277,188,282,9,16,16,3,1,14.8167088031769
"137",0.4,4,3.62759042205289,0.08,0.25,0.4,6.5,2.5,1000,1,6,130,34,49,267,162,235,3,21,21,13,3,15.2183215618134
"138",0.4,4,3.62759042205289,0.08,0.25,0.4,6.5,2.5,1000,1,6,156,29,68,270,179,271,3,21,21,8,18,15.0223202705383
"139",0.4,4,3.62759042205289,0.08,0.25,0.4,6.5,2.5,1000,1,6,135,17,51,290,205,284,14,14,14,3,20,16.385400056839
"140",0.4,4,3.62759042205289,0.08,0.25,0.4,6.5,2.5,1000,1,6,134,11,66,287,221,306,10,9,9,2,22,16.6168668270111
"141",0.4,4,3.62759042205289,0.08,0.25,0.4,6.5,2.5,1000,1,6,129,13,81,257,177,275,7,10,10,3,24,14.2129056453705
"142",0.4,4,3.62759042205289,0.08,0.25,0.4,6.5,2.5,1000,1,6,136,5,53,304,197,272,17,5,5,0,13,16.4261519908905
"143",0.4,4,3.62759042205289,0.08,0.25,0.4,6.5,2.5,1000,1,6,132,22,68,294,183,269,4,14,14,8,15,9.53243637084961
"144",0.4,4,3.62759042205289,0.08,0.25,0.4,6.5,2.5,1000,1,6,133,15,58,291,197,272,6,11,11,4,17,44.7018563747406
"145",0.4,4,3.62759042205289,0.08,0.25,0.4,6.5,2.5,1000,1,6,136,23,64,277,186,271,6,15,15,8,19,33.6055729389191
"146",0.4,4,3.62759042205289,0.08,0.25,0.4,6.5,2.5,1000,1,6,136,19,53,281,206,278,7,12,12,7,21,21.298805475235
"147",0.4,4,3.62759042205289,0.08,0.25,0.4,6.5,2.5,1000,1,6,137,20,60,287,173,257,10,14,14,6,23,13.1106231212616
"148",0.4,4,3.62759042205289,0.08,0.25,0.4,6.5,2.5,1000,1,6,138,18,67,295,197,285,7,14,14,4,25,18.1258282661438
"149",0.4,4,3.62759042205289,0.08,0.25,0.4,6.5,2.5,1000,1,6,132,14,51,286,205,275,9,10,10,4,14,28.8641242980957
"150",0.4,4,3.62759042205289,0.08,0.25,0.4,6.5,2.5,1000,1,6,132,18,53,295,206,275,7,9,9,9,16,23.2779288291931
"151",0.4,4,2.64854592480697,0.08,0.25,0.4,6.5,2.5,1000,1,7,125,18,38,311,149,204,5,12,12,6,3,16.818455696106
"152",0.4,4,2.64854592480697,0.08,0.25,0.4,6.5,2.5,1000,1,7,132,9,39,303,126,176,4,7,7,2,5,13.1200888156891
"153",0.4,4,2.64854592480697,0.08,0.25,0.4,6.5,2.5,1000,1,7,133,16,36,306,135,187,5,11,11,5,7,13.8729319572449
"154",0.4,4,2.64854592480697,0.08,0.25,0.4,6.5,2.5,1000,1,7,138,11,31,283,132,176,9,4,4,7,9,14.8490328788757
"155",0.4,4,2.64854592480697,0.08,0.25,0.4,6.5,2.5,1000,1,7,139,9,49,278,139,199,3,8,8,1,11,15.5831389427185
"156",0.4,4,2.64854592480697,0.08,0.25,0.4,6.5,2.5,1000,1,7,137,7,36,279,133,186,11,6,6,1,13,16.853009223938
"157",0.4,4,2.64854592480697,0.08,0.25,0.4,6.5,2.5,1000,1,7,123,20,28,265,122,167,6,11,11,9,2,16.8843104839325
"158",0.4,4,2.64854592480697,0.08,0.25,0.4,6.5,2.5,1000,1,7,123,21,43,293,128,186,5,10,10,11,4,18.79936170578
"159",0.4,4,2.64854592480697,0.08,0.25,0.4,6.5,2.5,1000,1,7,132,20,53,293,129,194,4,8,8,12,6,13.8853130340576
"160",0.4,4,2.64854592480697,0.08,0.25,0.4,6.5,2.5,1000,1,7,138,9,37,311,124,190,20,9,9,0,8,12.7037012577057
"161",0.4,4,2.64854592480697,0.08,0.25,0.4,6.5,2.5,1000,1,7,130,18,48,226,149,205,2,6,6,12,10,10.4992129802704
"162",0.4,4,2.64854592480697,0.08,0.25,0.4,6.5,2.5,1000,1,7,139,20,38,283,111,163,4,10,10,10,12,40.6893630027771
"163",0.4,4,2.64854592480697,0.08,0.25,0.4,6.5,2.5,1000,1,7,140,22,34,286,116,174,8,16,16,6,1,33.5625960826874
"164",0.4,4,2.64854592480697,0.08,0.25,0.4,6.5,2.5,1000,1,7,117,18,41,246,137,192,4,10,10,8,16,23.3402950763702
"165",0.4,4,2.64854592480697,0.08,0.25,0.4,6.5,2.5,1000,1,7,146,10,33,261,141,200,20,6,6,4,18,17.9145939350128
"166",0.4,4,2.64854592480697,0.08,0.25,0.4,6.5,2.5,1000,1,7,121,9,43,290,132,185,7,3,3,6,20,20.1809930801392
"167",0.4,4,2.64854592480697,0.08,0.25,0.4,6.5,2.5,1000,1,7,122,24,34,304,110,162,2,16,16,8,22,27.5301661491394
"168",0.4,4,2.64854592480697,0.08,0.25,0.4,6.5,2.5,1000,1,7,127,18,63,276,115,191,1,12,12,6,24,17.7198255062103
"169",0.4,4,2.64854592480697,0.08,0.25,0.4,6.5,2.5,1000,1,7,132,25,36,240,119,169,2,12,12,13,21,17.2645611763
"170",0.4,4,2.64854592480697,0.08,0.25,0.4,6.5,2.5,1000,1,7,128,24,35,265,136,194,7,16,16,8,15,15.9392092227936
"171",0.4,4,2.64854592480697,0.08,0.25,0.4,6.5,2.5,1000,1,7,139,14,32,280,164,213,10,7,7,7,17,14.9713950157166
"172",0.4,4,2.64854592480697,0.08,0.25,0.4,6.5,2.5,1000,1,7,134,20,31,287,126,173,7,9,9,11,19,13.2906048297882
"173",0.4,4,2.64854592480697,0.08,0.25,0.4,6.5,2.5,1000,1,7,122,14,40,258,141,192,1,10,10,4,23,11.6058876514435
"174",0.4,4,2.64854592480697,0.08,0.25,0.4,6.5,2.5,1000,1,7,136,11,32,274,135,182,7,8,8,3,25,17.7981767654419
"175",0.4,4,2.64854592480697,0.08,0.25,0.4,6.5,2.5,1000,1,7,138,11,35,294,134,182,6,7,7,4,14,18.1780383586884
"176",0.4,4,9.65363495890051,0.08,0.25,0.4,6.5,2.5,1000,1,8,133,24,184,286,643,868,20,21,21,3,11,18.7202904224396
"177",0.4,4,9.65363495890051,0.08,0.25,0.4,6.5,2.5,1000,1,8,128,32,152,278,556,747,13,26,26,6,1,15.9998345375061
"178",0.4,4,9.65363495890051,0.08,0.25,0.4,6.5,2.5,1000,1,8,128,41,149,293,517,694,4,24,24,17,3,12.1801674365997
"179",0.4,4,9.65363495890051,0.08,0.25,0.4,6.5,2.5,1000,1,8,132,29,168,267,592,797,14,23,23,6,5,10.513534784317
"180",0.4,4,9.65363495890051,0.08,0.25,0.4,6.5,2.5,1000,1,8,133,36,149,236,558,729,0,22,22,14,7,42.8385155200958
"181",0.4,4,9.65363495890051,0.08,0.25,0.4,6.5,2.5,1000,1,8,136,32,162,317,535,735,10,28,28,4,9,26.9356391429901
"182",0.4,4,9.65363495890051,0.08,0.25,0.4,6.5,2.5,1000,1,8,133,34,181,285,606,826,12,27,27,7,24,21.8437125682831
"183",0.4,4,9.65363495890051,0.08,0.25,0.4,6.5,2.5,1000,1,8,123,25,188,266,535,753,10,20,20,5,13,11.5399587154388
"184",0.4,4,9.65363495890051,0.08,0.25,0.4,6.5,2.5,1000,1,8,133,36,161,284,542,748,17,28,28,8,2,21.4509890079498
"185",0.4,4,9.65363495890051,0.08,0.25,0.4,6.5,2.5,1000,1,8,135,34,143,292,590,768,12,23,23,11,4,27.0570380687714
"186",0.4,4,9.65363495890051,0.08,0.25,0.4,6.5,2.5,1000,1,8,129,32,194,274,526,745,0,25,25,7,6,17.4036545753479
"187",0.4,4,9.65363495890051,0.08,0.25,0.4,6.5,2.5,1000,1,8,129,25,226,281,541,792,4,21,21,4,8,16.8743765354156
"188",0.4,4,9.65363495890051,0.08,0.25,0.4,6.5,2.5,1000,1,8,145,34,174,278,605,819,12,28,28,6,10,14.3180866241455
"189",0.4,4,9.65363495890051,0.08,0.25,0.4,6.5,2.5,1000,1,8,128,26,143,281,588,769,13,25,25,1,12,15.6904649734497
"190",0.4,4,9.65363495890051,0.08,0.25,0.4,6.5,2.5,1000,1,8,137,38,141,284,587,772,16,28,28,10,14,17.1296367645264
"191",0.4,4,9.65363495890051,0.08,0.25,0.4,6.5,2.5,1000,1,8,144,43,144,281,520,698,4,30,30,13,16,15.9311635494232
"192",0.4,4,9.65363495890051,0.08,0.25,0.4,6.5,2.5,1000,1,8,136,38,188,307,537,754,1,28,28,10,18,11.6008548736572
"193",0.4,4,9.65363495890051,0.08,0.25,0.4,6.5,2.5,1000,1,8,140,29,184,296,518,734,11,21,21,8,20,17.2727003097534
"194",0.4,4,9.65363495890051,0.08,0.25,0.4,6.5,2.5,1000,1,8,144,39,172,291,528,725,1,24,24,15,22,19.239287853241
"195",0.4,4,9.65363495890051,0.08,0.25,0.4,6.5,2.5,1000,1,8,132,29,228,279,528,789,9,24,24,5,19,18.6202039718628
"196",0.4,4,9.65363495890051,0.08,0.25,0.4,6.5,2.5,1000,1,8,140,37,150,277,572,751,5,24,24,13,21,13.808399438858
"197",0.4,4,9.65363495890051,0.08,0.25,0.4,6.5,2.5,1000,1,8,122,19,220,296,569,812,7,16,16,3,15,41.8203177452087
"198",0.4,4,9.65363495890051,0.08,0.25,0.4,6.5,2.5,1000,1,8,137,47,154,274,518,712,11,29,29,18,17,28.7870764732361
"199",0.4,4,9.65363495890051,0.08,0.25,0.4,6.5,2.5,1000,1,8,132,50,134,285,525,700,7,34,34,16,23,16.1188762187958
"200",0.4,4,9.65363495890051,0.08,0.25,0.4,6.5,2.5,1000,1,8,135,42,165,285,522,722,1,34,34,8,25,12.7563116550446
"201",0.4,4,5.97544086189009,0.08,0.25,0.4,6.5,2.5,1000,1,9,131,22,116,294,300,442,8,18,18,4,9,14.5612616539001
"202",0.4,4,5.97544086189009,0.08,0.25,0.4,6.5,2.5,1000,1,9,132,25,101,280,310,434,4,19,19,6,11,23.1049118041992
"203",0.4,4,5.97544086189009,0.08,0.25,0.4,6.5,2.5,1000,1,9,139,15,122,266,302,450,11,15,15,0,12,20.1228504180908
"204",0.4,4,5.97544086189009,0.08,0.25,0.4,6.5,2.5,1000,1,9,132,30,88,263,320,433,3,22,22,8,1,19.1282730102539
"205",0.4,4,5.97544086189009,0.08,0.25,0.4,6.5,2.5,1000,1,9,132,20,103,275,360,488,10,15,15,5,3,14.3177328109741
"206",0.4,4,5.97544086189009,0.08,0.25,0.4,6.5,2.5,1000,1,9,130,23,108,266,330,458,5,15,15,8,5,13.8768961429596
"207",0.4,4,5.97544086189009,0.08,0.25,0.4,6.5,2.5,1000,1,9,126,41,110,249,343,478,1,24,24,17,7,13.0999586582184
"208",0.4,4,5.97544086189009,0.08,0.25,0.4,6.5,2.5,1000,1,9,149,29,105,282,326,464,10,23,23,6,22,15.2082965373993
"209",0.4,4,5.97544086189009,0.08,0.25,0.4,6.5,2.5,1000,1,9,133,24,97,263,310,434,8,19,19,5,24,14.5315718650818
"210",0.4,4,5.97544086189009,0.08,0.25,0.4,6.5,2.5,1000,1,9,128,31,107,263,309,442,3,23,23,8,13,13.745698928833
"211",0.4,4,5.97544086189009,0.08,0.25,0.4,6.5,2.5,1000,1,9,138,23,102,267,295,422,10,15,15,8,2,13.2246353626251
"212",0.4,4,5.97544086189009,0.08,0.25,0.4,6.5,2.5,1000,1,9,129,23,103,303,292,413,5,13,13,10,4,15.9091815948486
"213",0.4,4,5.97544086189009,0.08,0.25,0.4,6.5,2.5,1000,1,9,133,18,88,259,372,489,16,13,13,5,6,14.5024952888489
"214",0.4,4,5.97544086189009,0.08,0.25,0.4,6.5,2.5,1000,1,9,146,30,92,302,295,412,6,19,19,11,8,11.7929956912994
"215",0.4,4,5.97544086189009,0.08,0.25,0.4,6.5,2.5,1000,1,9,131,36,78,269,298,402,3,23,23,13,10,40.8561208248138
"216",0.4,4,5.97544086189009,0.08,0.25,0.4,6.5,2.5,1000,1,9,139,32,77,283,347,451,2,25,25,7,25,32.485878944397
"217",0.4,4,5.97544086189009,0.08,0.25,0.4,6.5,2.5,1000,1,9,145,33,93,277,301,414,2,18,18,15,14,20.9399693012238
"218",0.4,4,5.97544086189009,0.08,0.25,0.4,6.5,2.5,1000,1,9,138,29,88,303,312,429,8,21,21,8,16,17.5137910842896
"219",0.4,4,5.97544086189009,0.08,0.25,0.4,6.5,2.5,1000,1,9,138,31,103,269,314,435,0,18,18,13,18,24.2202322483063
"220",0.4,4,5.97544086189009,0.08,0.25,0.4,6.5,2.5,1000,1,9,120,27,87,266,320,435,5,23,23,4,20,27.2426402568817
"221",0.4,4,5.97544086189009,0.08,0.25,0.4,6.5,2.5,1000,1,9,118,22,102,254,315,445,9,19,19,3,17,21.5059883594513
"222",0.4,4,5.97544086189009,0.08,0.25,0.4,6.5,2.5,1000,1,9,135,34,87,272,278,397,3,29,29,5,19,20.2973301410675
"223",0.4,4,5.97544086189009,0.08,0.25,0.4,6.5,2.5,1000,1,9,139,23,112,275,318,450,6,14,14,9,21,16.6851990222931
"224",0.4,4,5.97544086189009,0.08,0.25,0.4,6.5,2.5,1000,1,9,138,27,101,288,309,433,6,17,17,10,15,15.0086374282837
"225",0.4,4,5.97544086189009,0.08,0.25,0.4,6.5,2.5,1000,1,9,129,23,94,290,318,435,5,18,18,5,23,15.4758515357971
"226",0.4,4,0.555986170424148,0.08,0.25,0.4,6.5,2.5,1000,1,10,132,2,0,274,0,0,0,0,0,2,7,17.4355709552765
"227",0.4,4,0.555986170424148,0.08,0.25,0.4,6.5,2.5,1000,1,10,133,16,0,271,0,0,0,0,0,16,9,18.8820583820343
"228",0.4,4,0.555986170424148,0.08,0.25,0.4,6.5,2.5,1000,1,10,141,7,0,253,0,0,0,0,0,7,11,16.8879411220551
"229",0.4,4,0.555986170424148,0.08,0.25,0.4,6.5,2.5,1000,1,10,127,10,0,265,0,0,0,0,0,10,10,15.9759078025818
"230",0.4,4,0.555986170424148,0.08,0.25,0.4,6.5,2.5,1000,1,10,131,9,0,298,0,0,0,0,0,9,12,12.6895842552185
"231",0.4,4,0.555986170424148,0.08,0.25,0.4,6.5,2.5,1000,1,10,135,19,0,254,0,0,0,0,0,19,1,10.0838458538055
"232",0.4,4,0.555986170424148,0.08,0.25,0.4,6.5,2.5,1000,1,10,139,13,0,278,0,0,0,0,0,13,3,9.42247080802917
"233",0.4,4,0.555986170424148,0.08,0.25,0.4,6.5,2.5,1000,1,10,132,1,0,270,0,0,0,0,0,1,5,43.878244638443
"234",0.4,4,0.555986170424148,0.08,0.25,0.4,6.5,2.5,1000,1,10,132,1,0,251,0,0,0,0,0,1,20,31.0633699893951
"235",0.4,4,0.555986170424148,0.08,0.25,0.4,6.5,2.5,1000,1,10,128,5,0,284,0,0,0,0,0,5,22,22.3975460529327
"236",0.4,4,0.555986170424148,0.08,0.25,0.4,6.5,2.5,1000,1,10,130,13,0,283,0,0,0,0,0,13,24,18.636323928833
"237",0.4,4,0.555986170424148,0.08,0.25,0.4,6.5,2.5,1000,1,10,117,1,0,248,0,0,0,0,0,1,13,23.2560544013977
"238",0.4,4,0.555986170424148,0.08,0.25,0.4,6.5,2.5,1000,1,10,125,7,0,270,0,0,0,0,0,7,2,22.3322942256927
"239",0.4,4,0.555986170424148,0.08,0.25,0.4,6.5,2.5,1000,1,10,128,0,0,279,0,0,0,0,0,0,4,20.5414080619812
"240",0.4,4,0.555986170424148,0.08,0.25,0.4,6.5,2.5,1000,1,10,133,1,0,310,0,0,0,0,0,1,6,18.0032246112823
"241",0.4,4,0.555986170424148,0.08,0.25,0.4,6.5,2.5,1000,1,10,141,3,0,285,0,0,0,0,0,3,8,14.1107175350189
"242",0.4,4,0.555986170424148,0.08,0.25,0.4,6.5,2.5,1000,1,10,134,5,0,276,0,0,0,0,0,5,23,13.6935768127441
"243",0.4,4,0.555986170424148,0.08,0.25,0.4,6.5,2.5,1000,1,10,125,4,0,277,0,0,0,0,0,4,25,13.872855424881
"244",0.4,4,0.555986170424148,0.08,0.25,0.4,6.5,2.5,1000,1,10,128,7,0,294,0,0,0,0,0,7,14,14.4993851184845
"245",0.4,4,0.555986170424148,0.08,0.25,0.4,6.5,2.5,1000,1,10,121,8,0,293,0,0,0,0,0,8,16,14.6510391235352
"246",0.4,4,0.555986170424148,0.08,0.25,0.4,6.5,2.5,1000,1,10,136,13,0,300,0,0,0,0,0,13,18,14.8364579677582
"247",0.4,4,0.555986170424148,0.08,0.25,0.4,6.5,2.5,1000,1,10,137,7,0,284,0,0,0,0,0,7,15,15.4475271701813
"248",0.4,4,0.555986170424148,0.08,0.25,0.4,6.5,2.5,1000,1,10,134,6,0,280,0,0,0,0,0,6,17,12.1215372085571
"249",0.4,4,0.555986170424148,0.08,0.25,0.4,6.5,2.5,1000,1,10,131,6,0,267,0,0,0,0,0,6,19,9.98419046401978
"250",0.4,4,0.555986170424148,0.08,0.25,0.4,6.5,2.5,1000,1,10,125,7,0,288,0,0,0,0,0,7,21,8.72245955467224
"251",0.4,4,6,0.08,0.25,0.4,6.5,2.52727581919171,1000,1,11,130,23,108,266,330,458,5,15,15,8,5,43.2001087665558
"252",0.4,4,6,0.08,0.25,0.4,6.5,2.52727581919171,1000,1,11,126,41,110,249,343,478,1,24,24,17,7,31.0276148319244
"253",0.4,4,6,0.08,0.25,0.4,6.5,2.52727581919171,1000,1,11,131,22,116,294,300,442,8,18,18,4,9,16.0127103328705
"254",0.4,4,6,0.08,0.25,0.4,6.5,2.52727581919171,1000,1,11,132,25,101,280,310,434,4,19,19,6,11,17.0301094055176
"255",0.4,4,6,0.08,0.25,0.4,6.5,2.52727581919171,1000,1,11,146,30,92,302,295,412,6,19,19,11,8,17.8526816368103
"256",0.4,4,6,0.08,0.25,0.4,6.5,2.52727581919171,1000,1,11,131,36,78,269,298,402,3,23,23,13,10,28.669686794281
"257",0.4,4,6,0.08,0.25,0.4,6.5,2.52727581919171,1000,1,11,137,13,122,257,316,462,11,13,13,0,12,20.5043382644653
"258",0.4,4,6,0.08,0.25,0.4,6.5,2.52727581919171,1000,1,11,132,30,88,263,320,433,3,22,22,8,1,17.2738718986511
"259",0.4,4,6,0.08,0.25,0.4,6.5,2.52727581919171,1000,1,11,132,20,103,275,360,488,10,15,15,5,3,15.8216869831085
"260",0.4,4,6,0.08,0.25,0.4,6.5,2.52727581919171,1000,1,11,138,31,103,269,314,435,0,18,18,13,18,15.5462737083435
"261",0.4,4,6,0.08,0.25,0.4,6.5,2.52727581919171,1000,1,11,120,27,87,266,320,435,5,23,23,4,20,16.3778131008148
"262",0.4,4,6,0.08,0.25,0.4,6.5,2.52727581919171,1000,1,11,149,29,105,282,326,464,10,23,23,6,22,17.5579149723053
"263",0.4,4,6,0.08,0.25,0.4,6.5,2.52727581919171,1000,1,11,133,24,97,263,310,434,8,19,19,5,24,17.5362513065338
"264",0.4,4,6,0.08,0.25,0.4,6.5,2.52727581919171,1000,1,11,127,31,120,272,287,433,3,23,23,8,13,18.5467112064362
"265",0.4,4,6,0.08,0.25,0.4,6.5,2.52727581919171,1000,1,11,138,23,102,267,295,422,10,15,15,8,2,18.157310962677
"266",0.4,4,6,0.08,0.25,0.4,6.5,2.52727581919171,1000,1,11,129,23,103,303,292,413,5,13,13,10,4,14.6757094860077
"267",0.4,4,6,0.08,0.25,0.4,6.5,2.52727581919171,1000,1,11,133,18,88,259,372,489,16,13,13,5,6,11.8026416301727
"268",0.4,4,6,0.08,0.25,0.4,6.5,2.52727581919171,1000,1,11,139,23,112,275,318,450,6,14,14,9,21,9.98782086372375
"269",0.4,4,6,0.08,0.25,0.4,6.5,2.52727581919171,1000,1,11,129,23,94,290,318,435,5,18,18,5,23,43.5301749706268
"270",0.4,4,6,0.08,0.25,0.4,6.5,2.52727581919171,1000,1,11,139,32,77,283,347,451,2,25,25,7,25,32.5395576953888
"271",0.4,4,6,0.08,0.25,0.4,6.5,2.52727581919171,1000,1,11,145,33,93,277,301,414,2,18,18,15,14,20.3740229606628
"272",0.4,4,6,0.08,0.25,0.4,6.5,2.52727581919171,1000,1,11,138,29,88,303,312,429,8,21,21,8,16,16.8149542808533
"273",0.4,4,6,0.08,0.25,0.4,6.5,2.52727581919171,1000,1,11,138,31,96,296,308,431,6,21,21,10,15,17.3648586273193
"274",0.4,4,6,0.08,0.25,0.4,6.5,2.52727581919171,1000,1,11,118,22,102,254,315,445,9,19,19,3,17,26.6173229217529
"275",0.4,4,6,0.08,0.25,0.4,6.5,2.52727581919171,1000,1,11,135,34,87,272,278,397,3,29,29,5,19,20.6070950031281
"276",0.4,4,6,0.08,0.25,0.4,6.5,1.84632217474282,1000,1,12,130,19,95,275,356,497,33,13,13,6,3,15.6368896961212
"277",0.4,4,6,0.08,0.25,0.4,6.5,1.84632217474282,1000,1,12,126,28,111,264,296,429,1,21,21,7,11,15.1369936466217
"278",0.4,4,6,0.08,0.25,0.4,6.5,1.84632217474282,1000,1,12,131,19,104,296,345,471,11,11,11,8,5,15.6482067108154
"279",0.4,4,6,0.08,0.25,0.4,6.5,1.84632217474282,1000,1,12,125,37,109,262,352,483,1,21,21,16,7,15.18971991539
"280",0.4,4,6,0.08,0.25,0.4,6.5,1.84632217474282,1000,1,12,134,14,130,272,298,454,15,11,11,3,9,16.9108469486237
"281",0.4,4,6,0.08,0.25,0.4,6.5,1.84632217474282,1000,1,12,133,13,100,273,374,493,9,10,10,3,6,17.6977462768555
"282",0.4,4,6,0.08,0.25,0.4,6.5,1.84632217474282,1000,1,12,145,29,114,314,275,412,5,18,18,11,8,18.4112129211426
"283",0.4,4,6,0.08,0.25,0.4,6.5,1.84632217474282,1000,1,12,130,24,103,297,294,420,9,14,14,10,10,18.4625914096832
"284",0.4,4,6,0.08,0.25,0.4,6.5,1.84632217474282,1000,1,12,137,7,130,294,308,463,18,7,7,0,12,14.1436471939087
"285",0.4,4,6,0.08,0.25,0.4,6.5,1.84632217474282,1000,1,12,135,14,108,274,341,469,7,13,13,1,1,12.1437511444092
"286",0.4,4,6,0.08,0.25,0.4,6.5,1.84632217474282,1000,1,12,135,21,86,280,327,442,15,14,14,7,16,10.5099971294403
"287",0.4,4,6,0.08,0.25,0.4,6.5,1.84632217474282,1000,1,12,136,33,98,270,318,437,2,19,19,14,18,43.1182513237
"288",0.4,4,6,0.08,0.25,0.4,6.5,1.84632217474282,1000,1,12,122,12,101,249,352,471,11,7,7,5,20,21.8637561798096
"289",0.4,4,6,0.08,0.25,0.4,6.5,1.84632217474282,1000,1,12,145,22,113,335,324,469,15,17,17,5,22,19.5913102626801
"290",0.4,4,6,0.08,0.25,0.4,6.5,1.84632217474282,1000,1,12,135,15,102,266,330,450,8,10,10,5,24,16.276290178299
"291",0.4,4,6,0.08,0.25,0.4,6.5,1.84632217474282,1000,1,12,130,21,114,261,311,448,10,13,13,8,13,14.793035030365
"292",0.4,4,6,0.08,0.25,0.4,6.5,1.84632217474282,1000,1,12,139,21,107,282,303,432,9,13,13,8,2,28.4338531494141
"293",0.4,4,6,0.08,0.25,0.4,6.5,1.84632217474282,1000,1,12,127,15,97,287,305,420,11,7,7,8,4,22.4421634674072
"294",0.4,4,6,0.08,0.25,0.4,6.5,1.84632217474282,1000,1,12,133,27,99,277,279,404,4,22,22,5,19,19.5371389389038
"295",0.4,4,6,0.08,0.25,0.4,6.5,1.84632217474282,1000,1,12,139,22,109,291,329,457,6,13,13,9,21,14.2993271350861
"296",0.4,4,6,0.08,0.25,0.4,6.5,1.84632217474282,1000,1,12,132,15,105,287,333,454,6,10,10,5,23,13.4735670089722
"297",0.4,4,6,0.08,0.25,0.4,6.5,1.84632217474282,1000,1,12,142,34,95,271,322,442,3,22,22,12,25,14.7010233402252
"298",0.4,4,6,0.08,0.25,0.4,6.5,1.84632217474282,1000,1,12,144,33,96,273,302,417,2,17,17,16,14,14.8247077465057
"299",0.4,4,6,0.08,0.25,0.4,6.5,1.84632217474282,1000,1,12,135,25,105,281,307,436,9,15,15,10,15,15.2034316062927
"300",0.4,4,6,0.08,0.25,0.4,6.5,1.84632217474282,1000,1,12,117,14,107,256,331,455,6,11,11,3,17,15.191153049469
"301",0.4,4,6,0.08,0.25,0.4,6.5,3.28726832217071,1000,1,13,132,37,71,294,325,427,1,30,30,7,1,16.2946803569794
"302",0.4,4,6,0.08,0.25,0.4,6.5,3.28726832217071,1000,1,13,133,28,73,287,365,479,20,21,21,7,3,17.8040654659271
"303",0.4,4,6,0.08,0.25,0.4,6.5,3.28726832217071,1000,1,13,135,31,103,328,289,423,4,27,27,4,9,12.3259241580963
"304",0.4,4,6,0.08,0.25,0.4,6.5,3.28726832217071,1000,1,13,128,41,79,286,298,414,1,36,36,5,11,9.09104895591736
"305",0.4,4,6,0.08,0.25,0.4,6.5,3.28726832217071,1000,1,13,127,24,110,286,331,461,1,19,19,5,5,38.5694236755371
"306",0.4,4,6,0.08,0.25,0.4,6.5,3.28726832217071,1000,1,13,122,47,83,263,346,462,1,32,32,15,7,24.4527876377106
"307",0.4,4,6,0.08,0.25,0.4,6.5,3.28726832217071,1000,1,13,131,32,92,302,290,407,2,23,23,9,4,19.9389152526855
"308",0.4,4,6,0.08,0.25,0.4,6.5,3.28726832217071,1000,1,13,133,21,87,283,375,485,5,18,18,3,6,15.3174104690552
"309",0.4,4,6,0.08,0.25,0.4,6.5,3.28726832217071,1000,1,13,146,40,69,280,280,382,3,30,30,10,8,15.4555861949921
"310",0.4,4,6,0.08,0.25,0.4,6.5,3.28726832217071,1000,1,13,130,42,84,271,287,407,6,30,30,12,10,21.9655332565308
"311",0.4,4,6,0.08,0.25,0.4,6.5,3.28726832217071,1000,1,13,141,15,114,281,313,454,12,15,15,0,12,17.9344160556793
"312",0.4,4,6,0.08,0.25,0.4,6.5,3.28726832217071,1000,1,13,146,42,70,274,303,402,2,27,27,15,14,17.8873074054718
"313",0.4,4,6,0.08,0.25,0.4,6.5,3.28726832217071,1000,1,13,136,38,70,244,302,412,10,30,30,8,16,13.6132383346558
"314",0.4,4,6,0.08,0.25,0.4,6.5,3.28726832217071,1000,1,13,140,42,72,301,318,418,2,26,26,16,18,14.0374031066895
"315",0.4,4,6,0.08,0.25,0.4,6.5,3.28726832217071,1000,1,13,120,28,77,260,329,432,2,24,24,4,20,14.8720123767853
"316",0.4,4,6,0.08,0.25,0.4,6.5,3.28726832217071,1000,1,13,151,30,102,285,329,459,4,24,24,6,22,14.0785269737244
"317",0.4,4,6,0.08,0.25,0.4,6.5,3.28726832217071,1000,1,13,135,36,81,288,305,423,6,31,31,5,24,12.8124191761017
"318",0.4,4,6,0.08,0.25,0.4,6.5,3.28726832217071,1000,1,13,126,32,111,263,287,425,3,24,24,8,13,14.7000417709351
"319",0.4,4,6,0.08,0.25,0.4,6.5,3.28726832217071,1000,1,13,137,30,81,260,300,411,8,22,22,8,2,14.5455029010773
"320",0.4,4,6,0.08,0.25,0.4,6.5,3.28726832217071,1000,1,13,119,22,107,259,311,442,5,19,19,3,17,15.4940285682678
"321",0.4,4,6,0.08,0.25,0.4,6.5,3.28726832217071,1000,1,13,135,33,78,273,288,394,2,26,26,7,19,14.5493199825287
"322",0.4,4,6,0.08,0.25,0.4,6.5,3.28726832217071,1000,1,13,136,24,88,261,337,451,10,16,16,8,21,40.8884897232056
"323",0.4,4,6,0.08,0.25,0.4,6.5,3.28726832217071,1000,1,13,132,27,83,269,307,422,8,24,24,3,23,32.5837619304657
"324",0.4,4,6,0.08,0.25,0.4,6.5,3.28726832217071,1000,1,13,139,36,78,290,340,447,4,25,25,11,25,22.4980249404907
"325",0.4,4,6,0.08,0.25,0.4,6.5,3.28726832217071,1000,1,13,135,38,84,271,305,419,4,26,26,12,15,16.2234790325165
"326",0.4,4,6,0.08,0.25,0.4,6.5,2.37781066256575,1000,1,14,140,16,119,277,303,450,12,16,16,0,12,17.7915480136871
"327",0.4,4,6,0.08,0.25,0.4,6.5,2.37781066256575,1000,1,14,130,28,86,298,324,435,3,22,22,6,1,29.3243203163147
"328",0.4,4,6,0.08,0.25,0.4,6.5,2.37781066256575,1000,1,14,132,20,105,276,359,489,10,15,15,5,3,15.0566344261169
"329",0.4,4,6,0.08,0.25,0.4,6.5,2.37781066256575,1000,1,14,126,41,110,249,343,478,1,24,24,17,7,15.1085917949677
"330",0.4,4,6,0.08,0.25,0.4,6.5,2.37781066256575,1000,1,14,131,22,116,294,300,442,8,18,18,4,9,15.4826800823212
"331",0.4,4,6,0.08,0.25,0.4,6.5,2.37781066256575,1000,1,14,132,25,103,275,309,435,4,19,19,6,11,15.0174677371979
"332",0.4,4,6,0.08,0.25,0.4,6.5,2.37781066256575,1000,1,14,130,23,108,266,330,458,5,15,15,8,5,15.8113000392914
"333",0.4,4,6,0.08,0.25,0.4,6.5,2.37781066256575,1000,1,14,138,23,102,267,295,422,10,15,15,8,2,16.6391880512238
"334",0.4,4,6,0.08,0.25,0.4,6.5,2.37781066256575,1000,1,14,129,22,107,278,290,417,8,12,12,10,4,17.1718938350677
"335",0.4,4,6,0.08,0.25,0.4,6.5,2.37781066256575,1000,1,14,132,19,92,252,365,487,14,16,16,3,6,16.9216315746307
"336",0.4,4,6,0.08,0.25,0.4,6.5,2.37781066256575,1000,1,14,147,33,102,295,272,401,5,22,22,11,8,18.3926866054535
"337",0.4,4,6,0.08,0.25,0.4,6.5,2.37781066256575,1000,1,14,129,32,83,271,303,413,6,21,21,11,10,16.6804456710815
"338",0.4,4,6,0.08,0.25,0.4,6.5,2.37781066256575,1000,1,14,139,24,92,263,343,457,3,19,19,5,25,12.8738622665405
"339",0.4,4,6,0.08,0.25,0.4,6.5,2.37781066256575,1000,1,14,146,33,88,249,306,415,2,19,19,14,14,10.5987665653229
"340",0.4,4,6,0.08,0.25,0.4,6.5,2.37781066256575,1000,1,14,139,28,89,289,313,430,8,20,20,8,16,42.0969624519348
"341",0.4,4,6,0.08,0.25,0.4,6.5,2.37781066256575,1000,1,14,138,31,103,269,314,435,0,18,18,13,18,28.7638227939606
"342",0.4,4,6,0.08,0.25,0.4,6.5,2.37781066256575,1000,1,14,123,16,107,246,337,465,9,12,12,4,20,18.9515447616577
"343",0.4,4,6,0.08,0.25,0.4,6.5,2.37781066256575,1000,1,14,149,29,105,282,326,464,10,23,23,6,22,15.4641547203064
"344",0.4,4,6,0.08,0.25,0.4,6.5,2.37781066256575,1000,1,14,133,25,96,282,311,434,7,20,20,5,24,18.7046344280243
"345",0.4,4,6,0.08,0.25,0.4,6.5,2.37781066256575,1000,1,14,128,29,118,269,302,444,3,21,21,8,13,22.5917980670929
"346",0.4,4,6,0.08,0.25,0.4,6.5,2.37781066256575,1000,1,14,138,27,101,288,309,433,6,17,17,10,15,16.1541063785553
"347",0.4,4,6,0.08,0.25,0.4,6.5,2.37781066256575,1000,1,14,118,22,102,254,315,445,9,19,19,3,17,15.1160404682159
"348",0.4,4,6,0.08,0.25,0.4,6.5,2.37781066256575,1000,1,14,135,34,78,281,288,397,3,28,28,6,19,13.9788875579834
"349",0.4,4,6,0.08,0.25,0.4,6.5,2.37781066256575,1000,1,14,139,19,108,298,331,455,6,10,10,9,21,12.6631438732147
"350",0.4,4,6,0.08,0.25,0.4,6.5,2.37781066256575,1000,1,14,136,21,108,305,306,443,11,18,18,3,23,10.0788805484772
"351",0.4,4,6,0.08,0.25,0.4,6.5,3.51858876694459,1000,1,15,130,42,84,271,287,407,6,30,30,12,10,8.07340097427368
"352",0.4,4,6,0.08,0.25,0.4,6.5,3.51858876694459,1000,1,15,141,15,114,281,313,454,12,15,15,0,12,11.5007925033569
"353",0.4,4,6,0.08,0.25,0.4,6.5,3.51858876694459,1000,1,15,132,37,71,294,325,427,1,30,30,7,1,11.8579962253571
"354",0.4,4,6,0.08,0.25,0.4,6.5,3.51858876694459,1000,1,15,133,28,73,287,365,479,20,21,21,7,3,17.0206823348999
"355",0.4,4,6,0.08,0.25,0.4,6.5,3.51858876694459,1000,1,15,132,26,93,243,341,456,2,20,20,6,5,18.8478755950928
"356",0.4,4,6,0.08,0.25,0.4,6.5,3.51858876694459,1000,1,15,123,47,82,270,347,462,1,32,32,15,7,14.624534368515
"357",0.4,4,6,0.08,0.25,0.4,6.5,3.51858876694459,1000,1,15,136,31,95,308,304,429,3,27,27,4,9,11.9087135791779
"358",0.4,4,6,0.08,0.25,0.4,6.5,3.51858876694459,1000,1,15,128,41,79,286,298,414,1,36,36,5,11,38.1251893043518
"359",0.4,4,6,0.08,0.25,0.4,6.5,3.51858876694459,1000,1,15,127,38,95,240,288,416,3,30,30,8,13,27.8230395317078
"360",0.4,4,6,0.08,0.25,0.4,6.5,3.51858876694459,1000,1,15,137,30,81,260,300,411,8,22,22,8,2,18.0811240673065
"361",0.4,4,6,0.08,0.25,0.4,6.5,3.51858876694459,1000,1,15,131,34,100,299,271,398,2,25,25,9,4,14.9987392425537
"362",0.4,4,6,0.08,0.25,0.4,6.5,3.51858876694459,1000,1,15,133,23,75,275,377,478,6,20,20,3,6,15.980516910553
"363",0.4,4,6,0.08,0.25,0.4,6.5,3.51858876694459,1000,1,15,146,42,67,279,280,382,3,32,32,10,8,29.2623915672302
"364",0.4,4,6,0.08,0.25,0.4,6.5,3.51858876694459,1000,1,15,132,27,83,269,307,422,8,24,24,3,23,27.419246673584
"365",0.4,4,6,0.08,0.25,0.4,6.5,3.51858876694459,1000,1,15,143,43,58,275,328,421,1,34,34,9,25,18.1439483165741
"366",0.4,4,6,0.08,0.25,0.4,6.5,3.51858876694459,1000,1,15,146,42,70,274,303,402,2,27,27,15,14,14.602963924408
"367",0.4,4,6,0.08,0.25,0.4,6.5,3.51858876694459,1000,1,15,135,35,76,281,297,409,9,27,27,8,16,16.2312123775482
"368",0.4,4,6,0.08,0.25,0.4,6.5,3.51858876694459,1000,1,15,139,47,72,309,308,413,2,31,31,16,18,16.0819730758667
"369",0.4,4,6,0.08,0.25,0.4,6.5,3.51858876694459,1000,1,15,118,32,84,241,311,424,3,26,26,6,20,18.1838145256042
"370",0.4,4,6,0.08,0.25,0.4,6.5,3.51858876694459,1000,1,15,151,26,95,302,343,464,7,19,19,7,22,17.8325071334839
"371",0.4,4,6,0.08,0.25,0.4,6.5,3.51858876694459,1000,1,15,134,26,85,259,311,424,7,21,21,5,24,18.1046371459961
"372",0.4,4,6,0.08,0.25,0.4,6.5,3.51858876694459,1000,1,15,134,27,84,277,336,449,10,19,19,8,21,19.6331408023834
"373",0.4,4,6,0.08,0.25,0.4,6.5,3.51858876694459,1000,1,15,135,41,79,292,297,408,3,29,29,12,15,15.5250396728516
"374",0.4,4,6,0.08,0.25,0.4,6.5,3.51858876694459,1000,1,15,116,25,97,262,306,430,6,21,21,4,17,11.8598825931549
"375",0.4,4,6,0.08,0.25,0.4,6.5,3.51858876694459,1000,1,15,135,34,76,272,288,393,2,27,27,7,19,10.6596827507019
"376",0.4,4,6,0.08,0.25,0.4,6.5,1.34255865325686,1000,1,16,123,18,125,255,302,441,2,12,12,6,11,41.7356638908386
"377",0.4,4,6,0.08,0.25,0.4,6.5,1.34255865325686,1000,1,16,146,30,101,304,289,413,5,18,18,12,8,34.1986925601959
"378",0.4,4,6,0.08,0.25,0.4,6.5,1.34255865325686,1000,1,16,130,21,103,281,306,428,9,10,10,11,10,23.0311307907104
"379",0.4,4,6,0.08,0.25,0.4,6.5,1.34255865325686,1000,1,16,141,5,125,299,317,473,26,5,5,0,12,17.9634025096893
"380",0.4,4,6,0.08,0.25,0.4,6.5,1.34255865325686,1000,1,16,134,11,126,252,337,478,5,10,10,1,1,19.0960512161255
"381",0.4,4,6,0.08,0.25,0.4,6.5,1.34255865325686,1000,1,16,132,17,95,256,363,504,35,11,11,6,3,31.6329865455627
"382",0.4,4,6,0.08,0.25,0.4,6.5,1.34255865325686,1000,1,16,131,17,104,276,348,474,13,9,9,8,5,20.1213836669922
"383",0.4,4,6,0.08,0.25,0.4,6.5,1.34255865325686,1000,1,16,125,28,130,295,352,496,1,13,13,15,7,19.8500754833221
"384",0.4,4,6,0.08,0.25,0.4,6.5,1.34255865325686,1000,1,16,135,7,140,278,293,465,28,4,4,3,9,15.9722640514374
"385",0.4,4,6,0.08,0.25,0.4,6.5,1.34255865325686,1000,1,16,135,14,116,274,317,453,11,9,9,5,24,15.7329494953156
"386",0.4,4,6,0.08,0.25,0.4,6.5,1.34255865325686,1000,1,16,131,19,136,280,298,449,5,10,10,9,13,16.2000682353973
"387",0.4,4,6,0.08,0.25,0.4,6.5,1.34255865325686,1000,1,16,137,18,102,278,320,444,14,8,8,10,2,18.8044030666351
"388",0.4,4,6,0.08,0.25,0.4,6.5,1.34255865325686,1000,1,16,129,16,118,305,287,424,11,8,8,8,4,18.593656539917
"389",0.4,4,6,0.08,0.25,0.4,6.5,1.34255865325686,1000,1,16,132,4,116,277,374,512,19,3,3,1,6,16.6454770565033
"390",0.4,4,6,0.08,0.25,0.4,6.5,1.34255865325686,1000,1,16,132,19,107,255,324,457,15,11,11,8,21,11.5715327262878
"391",0.4,4,6,0.08,0.25,0.4,6.5,1.34255865325686,1000,1,16,133,12,123,269,315,454,9,7,7,5,23,10.8669443130493
"392",0.4,4,6,0.08,0.25,0.4,6.5,1.34255865325686,1000,1,16,140,30,103,272,327,454,4,20,20,10,25,9.60672640800476
"393",0.4,4,6,0.08,0.25,0.4,6.5,1.34255865325686,1000,1,16,144,26,114,274,303,431,4,10,10,16,14,9.18904304504395
"394",0.4,4,6,0.08,0.25,0.4,6.5,1.34255865325686,1000,1,16,137,14,102,314,323,452,19,8,8,6,16,43.6923124790192
"395",0.4,4,6,0.08,0.25,0.4,6.5,1.34255865325686,1000,1,16,134,24,100,260,339,448,1,8,8,16,18,32.9545855522156
"396",0.4,4,6,0.08,0.25,0.4,6.5,1.34255865325686,1000,1,16,122,12,116,240,340,473,9,8,8,4,20,21.1469914913177
"397",0.4,4,6,0.08,0.25,0.4,6.5,1.34255865325686,1000,1,16,149,17,103,331,348,473,13,9,9,8,22,12.7673995494843
"398",0.4,4,6,0.08,0.25,0.4,6.5,1.34255865325686,1000,1,16,137,23,108,233,288,420,8,16,16,7,19,23.602334022522
"399",0.4,4,6,0.08,0.25,0.4,6.5,1.34255865325686,1000,1,16,137,19,123,262,299,444,14,8,8,11,15,25.220326423645
"400",0.4,4,6,0.08,0.25,0.4,6.5,1.34255865325686,1000,1,16,120,13,121,271,312,449,6,10,10,3,17,20.2405540943146
"401",0.4,4,6,0.08,0.25,0.4,6.5,3.95945151536725,1000,1,17,126,47,72,295,291,405,1,41,41,6,11,16.7333345413208
"402",0.4,4,6,0.08,0.25,0.4,6.5,3.95945151536725,1000,1,17,136,34,93,277,288,417,7,29,29,5,9,15.953752040863
"403",0.4,4,6,0.08,0.25,0.4,6.5,3.95945151536725,1000,1,17,133,26,79,256,371,478,5,23,23,3,6,15.983039855957
"404",0.4,4,6,0.08,0.25,0.4,6.5,3.95945151536725,1000,1,17,145,45,63,299,281,391,11,36,36,9,8,15.510617017746
"405",0.4,4,6,0.08,0.25,0.4,6.5,3.95945151536725,1000,1,17,129,42,81,264,290,407,6,30,30,12,10,16.7209100723267
"406",0.4,4,6,0.08,0.25,0.4,6.5,3.95945151536725,1000,1,17,137,17,105,270,321,452,9,17,17,0,12,16.8684589862823
"407",0.4,4,6,0.08,0.25,0.4,6.5,3.95945151536725,1000,1,17,134,43,66,289,314,417,1,36,36,7,1,17.2339475154877
"408",0.4,4,6,0.08,0.25,0.4,6.5,3.95945151536725,1000,1,17,134,29,85,240,350,466,8,23,23,6,3,17.8699686527252
"409",0.4,4,6,0.08,0.25,0.4,6.5,3.95945151536725,1000,1,17,130,29,105,256,317,447,2,23,23,6,5,13.2256000041962
"410",0.4,4,6,0.08,0.25,0.4,6.5,3.95945151536725,1000,1,17,122,46,83,301,347,462,1,31,31,15,7,11.7741177082062
"411",0.4,4,6,0.08,0.25,0.4,6.5,3.95945151536725,1000,1,17,152,29,96,275,337,463,8,22,22,7,22,10.5331270694733
"412",0.4,4,6,0.08,0.25,0.4,6.5,3.95945151536725,1000,1,17,136,30,89,268,304,430,11,26,26,4,24,37.6802532672882
"413",0.4,4,6,0.08,0.25,0.4,6.5,3.95945151536725,1000,1,17,127,41,87,272,284,407,3,33,33,8,13,28.0652635097504
"414",0.4,4,6,0.08,0.25,0.4,6.5,3.95945151536725,1000,1,17,137,30,84,272,307,420,7,22,22,8,2,16.5980858802795
"415",0.4,4,6,0.08,0.25,0.4,6.5,3.95945151536725,1000,1,17,131,34,100,314,269,396,2,25,25,9,4,13.6880145072937
"416",0.4,4,6,0.08,0.25,0.4,6.5,3.95945151536725,1000,1,17,136,36,80,272,281,394,2,31,31,5,19,15.9341163635254
"417",0.4,4,6,0.08,0.25,0.4,6.5,3.95945151536725,1000,1,17,133,27,84,280,335,451,12,20,20,7,21,20.3812549114227
"418",0.4,4,6,0.08,0.25,0.4,6.5,3.95945151536725,1000,1,17,133,36,76,281,297,407,2,32,32,4,23,19.9359498023987
"419",0.4,4,6,0.08,0.25,0.4,6.5,3.95945151536725,1000,1,17,143,45,58,271,326,421,1,36,36,9,25,17.3390693664551
"420",0.4,4,6,0.08,0.25,0.4,6.5,3.95945151536725,1000,1,17,146,44,67,287,299,396,2,28,28,16,14,14.3070101737976
"421",0.4,4,6,0.08,0.25,0.4,6.5,3.95945151536725,1000,1,17,135,40,67,272,302,410,9,32,32,8,16,14.259046792984
"422",0.4,4,6,0.08,0.25,0.4,6.5,3.95945151536725,1000,1,17,139,51,51,287,318,406,2,35,35,16,18,11.7064297199249
"423",0.4,4,6,0.08,0.25,0.4,6.5,3.95945151536725,1000,1,17,119,36,75,261,302,410,2,31,31,5,20,12.073924779892
"424",0.4,4,6,0.08,0.25,0.4,6.5,3.95945151536725,1000,1,17,118,33,91,282,298,419,1,29,29,4,17,11.0765731334686
"425",0.4,4,6,0.08,0.25,0.4,6.5,3.95945151536725,1000,1,17,138,46,75,301,292,407,6,34,34,12,15,13.035492181778
"426",0.4,4,6,0.08,0.25,0.4,6.5,2.96570791173726,1000,1,18,135,32,83,307,321,431,3,24,24,8,1,13.1362943649292
"427",0.4,4,6,0.08,0.25,0.4,6.5,2.96570791173726,1000,1,18,133,27,71,295,368,479,20,20,20,7,3,16.6292219161987
"428",0.4,4,6,0.08,0.25,0.4,6.5,2.96570791173726,1000,1,18,122,44,83,273,350,463,1,29,29,15,7,15.2971429824829
"429",0.4,4,6,0.08,0.25,0.4,6.5,2.96570791173726,1000,1,18,119,30,89,284,314,435,5,27,27,3,17,15.5297057628632
"430",0.4,4,6,0.08,0.25,0.4,6.5,2.96570791173726,1000,1,18,136,34,73,262,287,394,6,28,28,6,19,43.3437483310699
"431",0.4,4,6,0.08,0.25,0.4,6.5,2.96570791173726,1000,1,18,145,44,77,288,269,382,3,33,33,11,8,33.5723433494568
"432",0.4,4,6,0.08,0.25,0.4,6.5,2.96570791173726,1000,1,18,137,27,112,300,277,415,8,18,18,9,2,21.9978122711182
"433",0.4,4,6,0.08,0.25,0.4,6.5,2.96570791173726,1000,1,18,126,24,106,289,289,417,6,16,16,8,4,17.2283482551575
"434",0.4,4,6,0.08,0.25,0.4,6.5,2.96570791173726,1000,1,18,133,18,95,290,372,487,5,15,15,3,6,18.5206325054169
"435",0.4,4,6,0.08,0.25,0.4,6.5,2.96570791173726,1000,1,18,135,31,77,280,314,424,10,23,23,8,16,29.5509302616119
"436",0.4,4,6,0.08,0.25,0.4,6.5,2.96570791173726,1000,1,18,140,42,70,298,318,416,2,26,26,16,18,19.8298518657684
"437",0.4,4,6,0.08,0.25,0.4,6.5,2.96570791173726,1000,1,18,120,27,73,253,335,435,4,23,23,4,20,16.1874873638153
"438",0.4,4,6,0.08,0.25,0.4,6.5,2.96570791173726,1000,1,18,131,24,112,299,301,440,7,20,20,4,9,9.45640659332275
"439",0.4,4,6,0.08,0.25,0.4,6.5,2.96570791173726,1000,1,18,124,37,88,286,293,413,1,31,31,6,11,14.3602385520935
"440",0.4,4,6,0.08,0.25,0.4,6.5,2.96570791173726,1000,1,18,129,23,109,284,336,465,2,18,18,5,5,15.7804443836212
"441",0.4,4,6,0.08,0.25,0.4,6.5,2.96570791173726,1000,1,18,140,39,75,296,310,423,9,29,29,10,15,17.2170653343201
"442",0.4,4,6,0.08,0.25,0.4,6.5,2.96570791173726,1000,1,18,136,17,115,271,318,457,7,17,17,0,12,16.8739502429962
"443",0.4,4,6,0.08,0.25,0.4,6.5,2.96570791173726,1000,1,18,145,34,78,273,316,415,3,18,18,16,14,15.3469479084015
"444",0.4,4,6,0.08,0.25,0.4,6.5,2.96570791173726,1000,1,18,139,24,112,289,316,449,6,15,15,9,21,17.6795721054077
"445",0.4,4,6,0.08,0.25,0.4,6.5,2.96570791173726,1000,1,18,129,36,85,262,289,406,8,24,24,12,10,15.1041731834412
"446",0.4,4,6,0.08,0.25,0.4,6.5,2.96570791173726,1000,1,18,132,26,96,297,304,434,11,23,23,3,23,12.6589941978455
"447",0.4,4,6,0.08,0.25,0.4,6.5,2.96570791173726,1000,1,18,151,30,102,285,329,459,4,24,24,6,22,43.0513641834259
"448",0.4,4,6,0.08,0.25,0.4,6.5,2.96570791173726,1000,1,18,133,27,94,274,309,431,6,22,22,5,24,32.5092210769653
"449",0.4,4,6,0.08,0.25,0.4,6.5,2.96570791173726,1000,1,18,126,33,102,253,296,426,3,25,25,8,13,21.1718256473541
"450",0.4,4,6,0.08,0.25,0.4,6.5,2.96570791173726,1000,1,18,140,33,72,288,350,451,2,27,27,6,25,17.1035997867584
"451",0.4,4,6,0.08,0.25,0.4,6.5,1.16565054564271,1000,1,19,127,20,144,272,363,512,1,4,4,16,7,18.0647594928741
"452",0.4,4,6,0.08,0.25,0.4,6.5,1.16565054564271,1000,1,19,144,26,114,274,303,431,4,10,10,16,14,29.3552763462067
"453",0.4,4,6,0.08,0.25,0.4,6.5,1.16565054564271,1000,1,19,146,19,125,302,282,426,9,10,10,9,8,20.9886536598206
"454",0.4,4,6,0.08,0.25,0.4,6.5,1.16565054564271,1000,1,19,138,18,101,306,322,445,14,8,8,10,2,17.6824553012848
"455",0.4,4,6,0.08,0.25,0.4,6.5,1.16565054564271,1000,1,19,134,11,126,252,337,478,5,10,10,1,1,15.4830935001373
"456",0.4,4,6,0.08,0.25,0.4,6.5,1.16565054564271,1000,1,19,135,7,137,286,296,467,30,4,4,3,9,16.1598446369171
"457",0.4,4,6,0.08,0.25,0.4,6.5,1.16565054564271,1000,1,19,129,11,97,273,358,507,46,6,6,5,3,16.259877204895
"458",0.4,4,6,0.08,0.25,0.4,6.5,1.16565054564271,1000,1,19,130,18,143,281,296,454,5,10,10,8,13,16.9259645938873
"459",0.4,4,6,0.08,0.25,0.4,6.5,1.16565054564271,1000,1,19,137,19,123,262,299,444,14,8,8,11,15,16.9351668357849
"460",0.4,4,6,0.08,0.25,0.4,6.5,1.16565054564271,1000,1,19,141,24,112,247,333,462,3,14,14,10,25,17.8186616897583
"461",0.4,4,6,0.08,0.25,0.4,6.5,1.16565054564271,1000,1,19,132,4,116,277,374,512,19,3,3,1,6,17.7252707481384
"462",0.4,4,6,0.08,0.25,0.4,6.5,1.16565054564271,1000,1,19,138,16,92,288,332,451,18,9,9,7,16,14.3460021018982
"463",0.4,4,6,0.08,0.25,0.4,6.5,1.16565054564271,1000,1,19,131,23,97,289,312,422,4,9,9,14,10,11.3558621406555
"464",0.4,4,6,0.08,0.25,0.4,6.5,1.16565054564271,1000,1,19,129,15,123,305,284,427,13,7,7,8,4,10.1263756752014
"465",0.4,4,6,0.08,0.25,0.4,6.5,1.16565054564271,1000,1,19,117,8,127,288,316,458,10,5,5,3,17,37.136167049408
"466",0.4,4,6,0.08,0.25,0.4,6.5,1.16565054564271,1000,1,19,132,15,117,261,295,442,20,10,10,5,24,33.7114822864532
"467",0.4,4,6,0.08,0.25,0.4,6.5,1.16565054564271,1000,1,19,131,17,104,276,348,474,13,9,9,8,5,23.4096813201904
"468",0.4,4,6,0.08,0.25,0.4,6.5,1.16565054564271,1000,1,19,133,10,121,295,320,460,14,5,5,5,23,17.3015267848969
"469",0.4,4,6,0.08,0.25,0.4,6.5,1.16565054564271,1000,1,19,141,3,127,283,316,473,27,3,3,0,12,24.1746439933777
"470",0.4,4,6,0.08,0.25,0.4,6.5,1.16565054564271,1000,1,19,123,19,125,247,298,441,5,13,13,6,11,29.1929457187653
"471",0.4,4,6,0.08,0.25,0.4,6.5,1.16565054564271,1000,1,19,136,21,100,273,294,417,9,14,14,7,19,22.9784393310547
"472",0.4,4,6,0.08,0.25,0.4,6.5,1.16565054564271,1000,1,19,134,22,107,239,336,450,1,6,6,16,18,16.9796652793884
"473",0.4,4,6,0.08,0.25,0.4,6.5,1.16565054564271,1000,1,19,149,12,118,303,346,483,13,6,6,6,22,14.0245749950409
"474",0.4,4,6,0.08,0.25,0.4,6.5,1.16565054564271,1000,1,19,132,15,107,263,340,470,15,8,8,7,21,14.3270471096039
"475",0.4,4,6,0.08,0.25,0.4,6.5,1.16565054564271,1000,1,19,122,7,114,233,351,480,12,3,3,4,20,9.40141892433167
"476",0.4,4,6,0.08,0.25,0.4,6.5,2.03888475226704,1000,1,20,135,17,106,290,343,472,7,16,16,1,1,14.2274134159088
"477",0.4,4,6,0.08,0.25,0.4,6.5,2.03888475226704,1000,1,20,145,31,102,276,285,412,5,20,20,11,8,15.5953509807587
"478",0.4,4,6,0.08,0.25,0.4,6.5,2.03888475226704,1000,1,20,127,31,117,269,363,498,2,16,16,15,7,14.373236656189
"479",0.4,4,6,0.08,0.25,0.4,6.5,2.03888475226704,1000,1,20,130,19,84,280,361,494,36,13,13,6,3,15.0066018104553
"480",0.4,4,6,0.08,0.25,0.4,6.5,2.03888475226704,1000,1,20,138,25,110,276,289,425,9,17,17,8,2,13.5908379554749
"481",0.4,4,6,0.08,0.25,0.4,6.5,2.03888475226704,1000,1,20,130,26,98,272,294,419,11,16,16,10,10,11.3457019329071
"482",0.4,4,6,0.08,0.25,0.4,6.5,2.03888475226704,1000,1,20,133,17,133,288,289,446,11,13,13,4,9,8.06482887268066
"483",0.4,4,6,0.08,0.25,0.4,6.5,2.03888475226704,1000,1,20,144,35,99,287,292,412,2,19,19,16,14,38.9536671638489
"484",0.4,4,6,0.08,0.25,0.4,6.5,2.03888475226704,1000,1,20,139,23,83,285,325,434,12,14,14,9,16,27.55628490448
"485",0.4,4,6,0.08,0.25,0.4,6.5,2.03888475226704,1000,1,20,130,25,115,272,304,441,5,17,17,8,13,17.8506331443787
"486",0.4,4,6,0.08,0.25,0.4,6.5,2.03888475226704,1000,1,20,129,22,99,248,296,410,2,13,13,9,4,14.8933050632477
"487",0.4,4,6,0.08,0.25,0.4,6.5,2.03888475226704,1000,1,20,118,15,108,246,327,453,6,12,12,3,17,15.5940835475922
"488",0.4,4,6,0.08,0.25,0.4,6.5,2.03888475226704,1000,1,20,132,26,108,280,301,431,2,20,20,6,11,20.4517464637756
"489",0.4,4,6,0.08,0.25,0.4,6.5,2.03888475226704,1000,1,20,130,19,126,285,321,462,4,11,11,8,5,20.5810723304749
"490",0.4,4,6,0.08,0.25,0.4,6.5,2.03888475226704,1000,1,20,137,26,102,292,311,436,7,16,16,10,15,18.0932178497314
"491",0.4,4,6,0.08,0.25,0.4,6.5,2.03888475226704,1000,1,20,122,15,106,251,340,467,10,11,11,4,20,14.5130264759064
"492",0.4,4,6,0.08,0.25,0.4,6.5,2.03888475226704,1000,1,20,147,20,115,297,332,469,8,14,14,6,22,14.0480206012726
"493",0.4,4,6,0.08,0.25,0.4,6.5,2.03888475226704,1000,1,20,134,19,110,291,312,441,5,14,14,5,24,13.5702202320099
"494",0.4,4,6,0.08,0.25,0.4,6.5,2.03888475226704,1000,1,20,134,35,90,266,318,432,2,22,22,13,18,11.661792755127
"495",0.4,4,6,0.08,0.25,0.4,6.5,2.03888475226704,1000,1,20,139,16,126,257,299,451,10,16,16,0,12,11.6609647274017
"496",0.4,4,6,0.08,0.25,0.4,6.5,2.03888475226704,1000,1,20,133,17,93,259,381,495,7,14,14,3,6,14.6997890472412
"497",0.4,4,6,0.08,0.25,0.4,6.5,2.03888475226704,1000,1,20,134,34,91,234,268,390,5,26,26,8,19,14.9871225357056
"498",0.4,4,6,0.08,0.25,0.4,6.5,2.03888475226704,1000,1,20,139,19,108,298,331,455,6,10,10,9,21,18.2789227962494
"499",0.4,4,6,0.08,0.25,0.4,6.5,2.03888475226704,1000,1,20,133,12,119,293,324,453,4,6,6,6,23,19.8356721401215
"500",0.4,4,6,0.08,0.25,0.4,6.5,2.03888475226704,1000,1,20,141,30,101,260,327,454,2,24,24,6,25,12.8796861171722
